Workout Timestamp,Live/On-Demand,Instructor Name,Length (minutes),Fitness Discipline,Type,Title,Class Timestamp,Total Output,Avg. Watts,Avg. Resistance,Avg. Cadence (RPM),Avg. Speed (mph),Distance (mi),Calories Burned,Avg. Heartrate,Avg. Incline,Avg. Pace (min/mi)
2021-02-20 13:47 (CDT),On Demand,Hannah Frankson,20,Cycling,Beginner,20 min Beginner Ride,2021-02-10 00:00 (CDT),113,94,37%,80,15.39,5.13,327,143.09,,
2021-02-21 07:20 (CDT),On Demand,Hannah Corbin,30,Cycling,Beginner,30 min Advanced Beginner Ride,2021-02-19 18:24 (CDT),164,91,40%,70,15.21,7.61,444,133.22,,
2021-02-22 06:22 (CDT),On Demand,Christine D'Ercole,30,Cycling,Beginner,30 min Advanced Beginner Ride,2020-12-09 06:22 (CDT),209,141,48%,72,18.36,7.61,286,,,
2021-02-22 06:54 (CDT),On Demand,,10,Cycling,Scenic Ride,10 min Switzerland Scenic Ride,,15,24,21%,66,7.95,1.33,20,,,
2021-02-23 07:10 (CDT),On Demand,Cody Rigsby,20,Cycling,Groove,20 min Groove Ride,2021-01-20 06:50 (CDT),139,116,40%,83,16.97,5.65,336,146.30,,
2021-02-25 07:16 (-06),On Demand,Kendall Toole,20,Cycling,Low Impact,20 min Low Impact Ride,2021-02-08 10:54 (-06),133,110,43%,73,16.65,5.55,237,114.83,,
2021-03-01 09:36 (-06),On Demand,Ally Love,20,Cycling,Music,20 min EDM Ride,2021-02-21 11:27 (-06),164,137,42%,82,17.72,5.91,225,,,
2021-03-02 15:09 (-06),On Demand,,45,Cycling,Scenic Ride,45 min California Coast Scenic Ride,,284,105,38%,81,16.09,12.07,622,127.44,,
2021-03-06 07:17 (-06),On Demand,Hannah Frankson,20,Cycling,Music,20 min Pop Ride,2021-03-04 00:54 (-06),173,145,43%,85,18.53,6.18,314,139.08,,
2021-03-07 06:52 (-06),On Demand,Alex Toussaint,10,Cycling,Low Impact,10 min Low Impact Ride,2021-03-01 19:05 (-06),58,97,37%,84,15.61,2.60,86,96.23,,
2021-03-07 07:12 (CDT),On Demand,Chase Tucker,20,Strength,Full Body,20 min Full Body Strength,2021-03-03 10:51 (CDT),,,,,,,6,,,
2021-03-08 07:31 (-06),On Demand,,30,Cycling,Scenic Ride,30 min Utah National Parks Scenic Ride,,230,128,41%,84,17.43,8.72,435,131.65,,
2021-03-09 21:46 (-06),On Demand,Kendall Toole,20,Cycling,Music,20 min New Tracks Ride,2021-03-03 16:00 (-06),149,124,42%,71,16.44,5.48,275,130.23,,
2021-03-10 21:28 (-06),On Demand,Emma Lovewell,30,Cycling,Low Impact,30 min Low Impact Ride,2019-03-13 09:19 (-06),207,115,40%,82,16.94,8.47,422,128.76,,
2021-03-11 19:27 (-06),On Demand,Jess King,15,Cycling,Music,15 min EDM Trap Ride,2021-02-20 11:41 (-06),102,114,42%,77,16.67,4.17,208,127.17,,
2021-03-17 12:15 (-05),Live,Christine D'Ercole,20,Cycling,Theme,20 min St. Patrick's Day Ride,2021-03-17 06:52 (-05),161,134,42%,84,17.97,5.99,287,130.51,,
2021-03-29 15:04 (-05),Live,Kendall Toole,45,Cycling,Music,45 min Pop Ride,2021-03-28 06:54 (-05),305,113,40%,82,16.82,12.62,758,146.38,,
2021-04-19 13:36 (-05),On Demand,,30,Cycling,Scenic Ride,30 min Penser Joch Scenic Ride,,228,126,37%,93,17.14,8.57,449,134.54,,
2021-04-30 12:38 (-05),On Demand,Tunde Oyeneyin,20,Cycling,Music,20 min 2010s Pop Ride,2021-04-29 16:00 (-05),165,137,43%,82,18.15,6.06,353,142.06,,
2021-05-06 10:02 (-05),On Demand,Jess King,30,Cycling,Progression,30 min Sweat Steady Ride,2021-05-01 09:55 (-05),238,132,43%,81,18.10,9.05,470,136.57,,
2021-05-12 10:40 (-07),Live,Jess King,30,Cycling,Music,30 min House Ride,2021-05-07 08:24 (-07),259,144,43%,84,18.58,9.29,466,137.90,,
2021-05-14 14:07 (-07),On Demand,Emma Lovewell,20,Cycling,Low Impact,20 min Low Impact Ride,2021-05-14 06:00 (-07),126,105,41%,78,16.49,5.50,291,131.33,,
2021-08-19 15:32 (-05),On Demand,Jenn Sherman,30,Cycling,Low Impact,30 min Low Impact Ride,2021-08-03 10:21 (-05),200,111,41%,80,16.83,8.42,381,119.51,,
2021-09-26 11:27 (-05),On Demand,,15,Cycling,Scenic Ride,15 min Murcia Ride,,55,61,30%,81,12.52,3.13,181,115.45,,
2021-10-05 05:43 (-05),On Demand,,20,Cycling,Scenic Ride,20 min Tuscany Ride,,133,111,39%,84,16.52,5.50,263,123.04,,
2021-10-13 07:40 (-05),On Demand,Robin Arzon,15,Cycling,Low Impact,15 min Low Impact Ride,2021-10-04 10:00 (-05),69,77,34%,79,14.19,3.55,153,104.57,,
2021-11-04 16:37 (-05),On Demand,,10,Cycling,Scenic Ride,10 min Corsica Ride,,78,130,43%,82,17.86,2.97,138,126.46,,
2021-11-06 19:28 (-05),On Demand,Jess King,20,Cycling,Music,20 min Tropical House Ride,2021-07-31 11:10 (-05),141,117,43%,76,17.04,5.68,294,132.24,,
2021-12-13 13:22 (-06),On Demand,Leanne Hainsby-Alldis,30,Cycling,Low Impact,30 min Low Impact Ride,2021-07-25 05:00 (-06),206,115,40%,81,16.82,8.41,409,125.44,,
2021-12-17 13:14 (-06),On Demand,Adrian Williams,20,Cycling,Scenic Ride,20 min Savannah Ride,,113,94,34%,87,15.25,5.08,283,128.69,,
2022-01-03 13:49 (-06),On Demand,,None,Cycling,Scenic Ride,10 KM Big Sur Ride,,158,123,44%,76,17.42,6.21,273,119.64,,
2022-01-07 12:07 (-06),On Demand,Robin Arzon,30,Cycling,Live DJ,30 min Live DJ Ride,2021-11-12 15:52 (-06),223,124,42%,79,17.44,8.72,399,121.48,,
2022-01-07 12:39 (-06),On Demand,,10,Cycling,Scenic Ride,10 min Vermont Ride,,29,49,27%,77,11.53,1.92,120,115.11,,
2022-01-08 13:41 (-06),On Demand,Hannah Frankson,15,Cycling,Low Impact,15 min Low Impact Ride,2021-12-01 08:32 (-06),122,135,43%,81,17.82,4.46,173,88.97,,
2022-01-12 16:00 (-06),Live,Jess King,20,Cycling,Low Impact,20 min Low Impact Ride,2022-01-12 15:53 (-06),160,133,42%,84,18.10,6.04,279,126.18,,
2022-01-14 11:04 (-06),Live,Bradley Rose,30,Cycling,Music,30 min Pop Ride,2022-01-13 13:55 (-06),231,128,42%,83,17.76,8.88,462,136.46,,
2022-01-18 13:26 (-06),On Demand,,10,Running,Scenic Ride,10 min Newport Beach Run,,102,,,,3.79,0.63,142,129.88,2.09,15:50
2022-01-19 14:33 (-06),On Demand,,45,Cycling,Scenic Ride,45 min Joshua Tree National Park Ride,,351,130,41%,82,17.68,13.24,687,135.95,,
2022-01-22 15:36 (-06),On Demand,,10,Cycling,Scenic Ride,10 min Playa Pacifica Park Ride,,83,139,42%,86,18.06,3.00,125,118.77,,
2022-01-25 05:41 (-06),On Demand,,15,Cycling,Scenic Ride,15 min Santa Cruz Ride,,125,139,45%,78,18.32,4.58,212,128.47,,
2022-01-25 14:36 (-06),On Demand,,20,Running,Scenic Ride,20 min Marina Bay Run,,200,,,,3.72,1.23,330,143.70,1.84,16:08
2022-01-30 12:57 (-06),On Demand,Becs & Emma ,20,Walking,Scenic Ride,20 min Oregon Hike,,200,,,,3.21,1.07,290,130.26,,
2022-01-30 13:51 (-06),On Demand,,20,Cycling,Scenic Ride,20 min Italian Alps Ride,,134,112,36%,86,16.07,5.34,323,141.84,,
2022-01-31 18:48 (-06),On Demand,Jess King,15,Cycling,Intervals,15 min Tabata Ride,2022-01-26 16:40 (-06),136,151,40%,92,18.62,4.66,233,137.17,,
2022-02-06 11:37 (-06),On Demand,,20,Running,Scenic Ride,20 min Oregon Wasco County Run,,207,,,,3.66,1.22,319,140.39,2.79,16:23
2022-02-06 12:25 (CDT),,,10,Cycling,,10 min Just Ride,,56,91,36%,76,14.37,2.43,157,137.51,,
2022-02-07 19:51 (-06),On Demand,Bradley Rose,20,Cycling,Beginner,20 min Beginner Ride,2021-10-05 23:10 (-06),53,44,27%,77,11.05,3.69,285,129.23,,
2022-02-09 07:29 (-06),On Demand,,30,Running,Scenic Ride,30 min Oregon Columbia River Gorge Run,,296,,,,3.45,1.73,432,130.41,3.17,17:23
2022-02-10 13:28 (-06),On Demand,,15,Running,Scenic Ride,15 min Faro at Twilight Run,,153,,,,3.41,0.85,208,127.02,3.95,17:36
2022-02-13 14:37 (-06),On Demand,,None,Running,Scenic Ride,5 KM Oregon Mount Hood Run,,516,,,,3.83,3.11,645,125.38,2.31,15:40
2022-02-19 14:40 (-06),On Demand,Ben & Jess ,20,Walking,Scenic Ride,20 min Iceland Hike,,206,,,,3.10,1.03,249,116.97,,
2022-02-20 10:43 (-06),,,10,Cycling,,10 min Lanebreak Ride,,59,97,36%,83,15.73,2.65,101,102.03,,
2022-02-20 10:54 (-06),,,20,Cycling,,20 min Lanebreak Ride,,202,168,49%,76,19.42,6.49,330,143.48,,
2022-02-22 15:01 (-06),On Demand,,15,Running,Scenic Ride,15 min Melbourne Park Run,,180,,,,4.57,1.14,243,140.82,1.35,13:08
2022-02-26 15:31 (-06),,,10,Cycling,,10 min Lanebreak Ride,,89,147,43%,81,18.46,3.09,121,,,
2022-03-06 11:36 (-06),On Demand,,10,Running,Scenic Ride,10 min Matterhorn Run,,112,,,,3.88,0.65,110,87.26,3.12,15:28
2022-03-06 11:47 (-06),On Demand,,5,Running,Scenic Ride,5 min Dubai by Night Run,,35,,,,2.83,0.23,66,122.85,0,21:12
2022-03-25 12:16 (-05),On Demand,,None,Running,Scenic Ride,1 Mile Ghost Ranch Run,,43,,,,2.17,0.22,99,128.14,5.06,27:39
2022-03-25 14:52 (-05),On Demand,,None,Running,Scenic Ride,1 Mile Columbia River Gorge,,173,,,,3.31,1.00,261,130.05,3.21,18:08
2022-03-26 12:51 (-05),,,10,Cycling,,10 min Lanebreak Ride,,85,141,44%,81,18.28,3.08,124,109.86,,
2022-03-26 13:02 (-05),,,5,Cycling,,5 min Lanebreak Ride,,30,100,39%,78,16.01,1.35,69,,,
2022-04-26 08:59 (-05),On Demand,,20,Cycling,Scenic Ride,20 min Sun Moon Lake Ride,,144,121,41%,78,16.64,5.53,197,,,
2022-05-03 06:40 (-05),On Demand,,20,Running,Scenic Ride,20 min Puerto Rico Coastal Run,,186,,,,3.40,1.13,245,123.12,2.06,17:39
2022-05-04 06:35 (-05),On Demand,,20,Cycling,Scenic Ride,20 min Hurricane Ridge Ride,,129,107,37%,85,16.27,5.42,271,127.00,,
2022-05-05 06:31 (-05),On Demand,,30,Running,Scenic Ride,30 min Lutsen Run,,102,,,,0.06,0.60,96,,0.05,60:00+
2022-05-15 04:50 (-05),On Demand,,10,Cycling,Scenic Ride,10 min Puerto Rico Old San Juan Ride,,65,109,37%,86,16.56,2.74,98,109.28,,
2022-05-16 05:36 (-05),On Demand,,15,Cycling,Scenic Ride,15 min Humboldt County Ride,,96,107,38%,83,16.36,4.09,177,116.00,,
2022-05-17 05:33 (-05),On Demand,,10,Running,Scenic Ride,10 min Matterhorn Run,,88,,,,3.21,0.53,117,132.79,2.15,18:41
2022-05-18 05:31 (-05),On Demand,,60,Cycling,Scenic Ride,60 min Panama Ride,,175,114,40%,82,16.76,7.14,320,120.00,,
2022-05-19 05:51 (-05),On Demand,,5,Running,Scenic Ride,5 min Castro Marim Run,,46,,,,3.37,0.28,48,99.66,2.19,17:48
2022-05-20 06:30 (-05),On Demand,,10,Running,Scenic Ride,10 min Vienna Street Art Run,,111,,,,3.80,0.63,140,133.64,3.61,15:47
2022-05-21 05:56 (-05),On Demand,,10,Cycling,Scenic Ride,10 min South of France Forest Ride,,94,158,47%,81,19.30,3.19,145,133.23,,
2022-05-22 06:33 (-05),On Demand,,15,Running,Scenic Ride,15 min Canberra Sunset Run,,158,,,,3.38,0.84,204,135.14,5.15,17:45
2022-05-23 06:17 (-05),On Demand,,10,Cycling,Scenic Ride,10 min Dutch Windmills Ride,,95,158,44%,85,19.08,3.18,140,130.00,,
2022-05-24 05:49 (-05),On Demand,,None,Running,Scenic Ride,1 Mile Puerto Rico El Yunque Forest Run,,168,,,,4.37,1.00,193,139.02,2.49,13:44
2022-05-25 06:03 (-05),On Demand,,30,Cycling,Scenic Ride,30 min Canyonlands National Park Ride,,259,144,44%,84,18.45,9.21,435,133.00,,
2022-05-26 06:02 (-05),On Demand,,10,Running,Scenic Ride,10 min Hawaii Sliding Sands Trail Run,,107,,,,3.64,0.60,134,121.23,3.90,16:29
2022-05-27 06:35 (-05),On Demand,,20,Cycling,Scenic Ride,20 min Hawaii Puna Coast Ride,,199,166,47%,81,19.53,6.51,301,136.00,,
2022-05-28 06:11 (-05),On Demand,,20,Running,Scenic Ride,20 min Canyonlands National Park Run,,214,,,,3.61,1.20,307,139.19,3.99,16:37
2022-05-31 05:38 (-05),On Demand,,None,Cycling,Scenic Ride,10 KM Oregon Painted Hills Ride,,172,139,46%,75,18.09,6.21,250,118.00,,
2022-06-01 06:20 (-05),On Demand,,15,Running,Scenic Ride,15 min Saxony Forest Run,,181,,,,4.32,1.07,165,129.24,2.78,13:53
2022-06-01 06:37 (-05),On Demand,,5,Running,Scenic Ride,5 min South of France Run,,48,,,,3.74,0.31,71,132.33,0.95,16:02
2022-06-01 13:12 (-05),On Demand,,15,Cycling,Scenic Ride,15 min Costa Rica Osa Peninsula Ride,,99,110,37%,89,16.56,4.13,164,110.00,,
2022-06-02 05:41 (-05),On Demand,,30,Cycling,Scenic Ride,30 min Trentino Ride,,261,145,43%,82,18.28,9.13,441,135.12,,
2022-06-03 06:19 (-05),On Demand,,10,Running,Scenic Ride,10 min San Diego Sunsets Run,,112,,,,3.73,0.62,145,137.74,4.32,16:05
2022-06-14 06:42 (-05),On Demand,,20,Running,Scenic Ride,20 min Bangkok Parks Run,,205,,,,3.76,1.25,299,139.55,2.02,15:58
2022-06-15 05:39 (-05),On Demand,,30,Cycling,Scenic Ride,30 min Rhone-Alpes Ride,,266,148,43%,84,18.45,9.22,443,136.00,,
2022-06-16 05:47 (-05),On Demand,,None,Running,Scenic Ride,1 Mile Monterey Peninsula Run,,174,,,,4.03,1.00,213,138.75,3.32,14:53
2022-06-16 06:03 (-05),On Demand,,5,Running,Scenic Ride,5 min South of France Run,,43,,,,3.37,0.28,67,126.30,0.75,17:48
2022-06-17 06:36 (-05),On Demand,,20,Cycling,Scenic Ride,20 min Algarve Coast Ride,,158,132,42%,82,17.86,5.94,225,112.00,,
2022-06-18 07:40 (-05),On Demand,,30,Running,Scenic Ride,30 min Darwin Bicentennial Park Run,,319,,,,3.83,1.91,380,80.26,2.80,15:40
2022-06-20 06:11 (-05),On Demand,,15,Cycling,Scenic Ride,15 min Grand Tetons Ride,,116,130,45%,75,17.68,4.39,161,109.00,,
2022-06-21 06:17 (-05),On Demand,,20,Running,Scenic Ride,20 min Hawaii Puna Coast Run,,230,,,,4.31,1.44,290,134.91,1.98,13:55
2022-06-21 06:38 (-05),On Demand,,5,Running,Scenic Ride,5 min South of France Run,,17,,,,2.34,0.11,29,105.96,0,25:38
2022-06-22 06:36 (-05),On Demand,,20,Cycling,Scenic Ride,20 min Puerto Rico El Yunque Forest Ride,,164,137,44%,78,18.08,6.02,247,119.00,,
2022-06-23 06:30 (-05),On Demand,,20,Running,Scenic Ride,20 min Costa Rica Osa Peninsula Run,,240,,,,4.20,1.40,306,137.63,3.33,14:17
2022-06-23 06:50 (-05),On Demand,,5,Running,Scenic Ride,5 min Chautauqua Run,,32,,,,2.50,0.21,58,114.24,0.63,24:00
2022-06-24 05:49 (-05),On Demand,,20,Cycling,Scenic Ride,20 min Zahara de la Sierra Ride,,196,164,48%,78,19.29,6.42,286,133.44,,
2022-06-25 06:12 (-05),On Demand,,None,Running,Scenic Ride,5 KM Monterey Peninsula Run,,506,,,,3.80,3.11,680,129.20,1.97,15:47
2022-06-26 06:01 (-05),On Demand,,20,Cycling,Scenic Ride,20 min Puerto Rico Coastal Ride,,201,168,49%,78,19.67,6.54,290,133.00,,
2022-06-26 06:21 (-05),On Demand,,5,Cycling,Scenic Ride,5 min Faro Sunset Ride,,13,44,28%,73,11.21,0.92,57,116.00,,
2022-06-27 06:19 (-05),On Demand,,10,Running,Scenic Ride,10 min Hawaii Sliding Sands Trail Run,,126,,,,5.16,0.86,160,143.83,0,11:38
2022-06-28 06:21 (-05),On Demand,,20,Cycling,Scenic Ride,20 min Oregon Mount Hood Ride,,171,143,44%,81,18.31,6.07,259,125.28,,
2022-06-29 05:59 (-05),On Demand,,5,Running,Scenic Ride,5 min Rome Run,,58,,,,4.43,0.37,65,125.81,1.65,13:32
2022-07-04 07:25 (-05),On Demand,Bradley Rose,15,Cycling,Intervals,15 min Tabata Ride,2022-06-10 04:52 (-05),134,149,44%,84,18.77,4.69,207,126.00,,
2022-07-04 07:40 (-05),On Demand,,5,Cycling,Scenic Ride,5 min Alajuela Ride,,16,54,26%,89,12.29,1.01,53,114.00,,
2022-07-05 06:24 (-05),On Demand,,20,Running,Scenic Ride,20 min Seattle Run,,208,,,,3.54,1.18,264,127.02,3.55,16:57
2022-07-06 06:22 (-05),On Demand,,20,Cycling,Scenic Ride,20 min Mount Rainier Ride,,163,136,43%,79,17.65,5.88,283,132.00,,
2022-07-07 06:50 (-05),On Demand,,15,Running,Scenic Ride,15 min Skippers Canyon Gorge Run,,187,,,,4.44,1.11,237,139.91,2.76,13:31
2022-07-08 06:41 (-05),On Demand,,10,Running,Scenic Ride,10 min Lake Lugano Run,,115,,,,4.05,0.67,141,130.52,3.28,14:49
2022-07-09 07:29 (-05),On Demand,,30,Cycling,Scenic Ride,30 min Tierro Del Fuego Ride,,225,125,41%,84,17.13,8.56,384,123.00,,
2022-07-10 07:25 (-05),On Demand,,10,Running,Scenic Ride,10 min Ayutthaya Historical Park Run,,102,,,,3.45,0.57,107,110.67,4.10,17:23
2022-07-11 06:05 (-05),On Demand,,20,Cycling,Scenic Ride,20 min Lutsen Ride,,118,98,38%,84,15.88,5.29,198,104.00,,
2022-07-12 06:24 (-05),On Demand,,15,Cycling,Scenic Ride,15 min Spanish Southern Coast Ride,,149,166,48%,81,19.70,4.91,206,127.00,,
2022-07-13 06:27 (-05),On Demand,,20,Running,Scenic Ride,20 min Puntarenas Trail and Beach Run,,174,,,,3.05,1.01,206,106.99,2.97,19:40
2022-07-14 06:17 (-05),On Demand,,30,Cycling,Scenic Ride,30 min Morbihan Countryside Ride,,233,130,43%,80,17.50,8.73,368,119.00,,
2022-07-15 07:09 (-05),On Demand,,10,Running,Scenic Ride,10 min Venice Run,,96,,,,3.31,0.55,132,128.14,3.68,18:08
2022-07-16 07:40 (-05),On Demand,,20,Cycling,Scenic Ride,20 min Oregon Mount Hood Ride,,202,168,47%,82,19.69,6.56,268,126.00,,
2022-07-17 07:28 (-05),On Demand,,20,Running,Scenic Ride,20 min Puntarenas Trail and Beach Run,,174,,,,3.07,1.02,198,63.98,3.11,19:32
2022-07-18 07:53 (-05),On Demand,,20,Cycling,Scenic Ride,20 min Oahu Ride,,160,134,43%,80,17.75,5.90,234,116.00,,
2022-07-19 06:35 (-05),On Demand,,15,Running,Scenic Ride,15 min Downtown San Diego Run,,141,,,,3.39,0.85,183,117.89,2.54,17:42
2022-07-20 06:41 (-05),On Demand,,15,Cycling,Scenic Ride,15 min Valencia Ride,,150,168,48%,77,19.50,4.86,198,125.00,,
2022-07-21 06:30 (-05),On Demand,,20,Cycling,Scenic Ride,20 min Grazalema National Park Ride,,136,113,39%,83,16.60,5.51,210,107.29,,
2022-07-23 08:31 (-05),On Demand,,15,Running,Scenic Ride,15 min Skippers Canyon Gorge Run,,119,,,,2.73,0.67,154,85.18,3.67,21:59
2022-07-24 07:01 (-05),On Demand,,30,Cycling,Scenic Ride,30 min Mt. Diablo Ride,,269,150,46%,80,18.85,9.41,413,128.00,,
2022-07-25 06:13 (-05),On Demand,,10,Running,Scenic Ride,10 min Al Kasir Island Run,,109,,,,3.95,0.65,133,126.15,2.39,15:11
2022-07-26 07:50 (-05),On Demand,,45,Cycling,Scenic Ride,45 min Joshua Tree National Park Ride,,6,98,40%,72,14.22,0.22,7,50.98,,
2022-07-26 07:52 (-05),On Demand,,10,Cycling,Scenic Ride,10 min Newport Beach Ride,,98,163,47%,80,19.66,3.26,117,114.00,,
2022-07-27 07:14 (-05),On Demand,,15,Cycling,Scenic Ride,15 min Spanish Southern Coast Ride,,101,113,38%,85,16.78,4.18,156,107.00,,
2022-07-29 06:23 (-05),On Demand,,20,Running,Scenic Ride,20 min Scotland Kinloch Hourn Run,,197,,,,3.43,1.14,254,122.51,3.16,17:29
2022-08-09 10:16 (-05),On Demand,,10,Running,Scenic Ride,10 min Royal Park Rajapruek Run,,93,,,,3.22,0.53,160,144.91,3.37,18:38
2022-08-12 06:08 (-05),On Demand,,None,Cycling,Scenic Ride,5 KM Scotland Glencoe Ride,,85,141,43%,83,18.58,3.11,116,,,
2022-08-13 07:44 (-05),On Demand,,15,Cycling,Scenic Ride,15 min Scotland Ardverikie Estate Ride,,127,142,45%,80,18.42,4.60,228,138.00,,
2022-08-14 07:18 (-05),On Demand,,20,Cycling,Scenic Ride,20 min Scotland Kinloch Hourn Ride,,204,171,47%,80,19.58,6.52,325,148.00,,
2022-08-14 07:39 (-05),On Demand,,5,Cycling,Scenic Ride,5 min Sedona Ride,,14,48,26%,89,11.75,0.97,62,126.13,,
2022-08-15 05:33 (-05),On Demand,,45,Cycling,Scenic Ride,45 min Southern Utah Ride,,348,129,42%,81,17.76,13.31,662,134.00,,
2022-08-21 07:02 (-05),On Demand,Alex Toussaint,20,Cycling,Music,20 min Hip Hop Ride,2022-08-16 10:00 (-05),153,128,40%,87,17.83,5.95,303,136.00,,
2022-08-21 07:24 (-05),On Demand,,5,Cycling,Scenic Ride,5 min Sedona Ride,,18,61,30%,84,13.16,1.09,58,116.00,,
2022-08-22 06:16 (-05),,,20,Cycling,,20 min Lanebreak Ride,,168,139,45%,77,18.26,6.11,229,,,
2022-08-23 06:52 (-05),On Demand,Hannah Frankson,20,Cycling,Music,20 min 2000s Hip Hop Ride,2022-07-21 12:25 (-05),171,143,44%,80,18.50,6.17,284,131.00,,
2022-08-25 12:52 (-05),On Demand,,15,Cycling,Scenic Ride,15 min Santa Monica Ride,,157,176,48%,80,20.02,4.98,219,134.00,,
2022-08-26 05:43 (-05),On Demand,Ally Love,20,Cycling,Low Impact,20 min Low Impact Ride,2022-07-28 10:00 (-05),150,124,39%,85,17.42,5.81,223,110.00,,
2022-08-29 06:32 (-05),On Demand,Leanne Hainsby-Alldis,10,Cycling,Intervals,10 min Tabata Ride,2022-08-01 12:52 (-05),96,160,45%,85,19.34,3.23,124,117.00,,
2022-09-06 05:24 (-05),On Demand,,None,Running,Scenic Ride,5 KM Scotland Ardverikie Estate Run,,148,,,,3.32,0.87,121,103.45,0,18:04
2022-09-08 05:20 (-05),On Demand,,20,Cycling,Scenic Ride,20 min Monterey Bay Ride,,160,134,41%,84,17.96,5.96,251,121.00,,
2022-09-09 05:43 (-05),On Demand,,15,Running,Scenic Ride,15 min Oahu Mokuleia Beach Run,,143,,,,3.46,0.86,203,128.45,2.33,17:20
2022-09-10 06:27 (-05),On Demand,,20,Running,Scenic Ride,20 min Yosemite & Sequoia National Parks,,194,,,,3.42,1.13,272,127.74,2.97,17:32
2022-09-11 05:46 (-05),On Demand,,20,Cycling,Scenic Ride,20 min Zahara de la Sierra Ride,,160,133,40%,86,17.93,5.96,255,122.00,,
2022-09-12 05:51 (-05),On Demand,,15,Running,Scenic Ride,15 min Lake Tahoe Run,,144,,,,3.32,0.82,194,124.92,3.54,18:04
2022-09-15 05:40 (-05),On Demand,,15,Running,Scenic Ride,15 min Painted Hills Run,,148,,,,3.62,0.90,194,131.91,2.15,16:34
2022-09-17 06:34 (-05),On Demand,,None,Running,Scenic Ride,1M Scotland Kinloch Hourn Run,,173,,,,3.47,1.00,189,110.74,3.38,17:17
2022-09-19 06:06 (-05),On Demand,,30,Cycling,Scenic Ride,30 min Big Sur Ride,,270,150,47%,77,18.83,9.41,444,135.00,,
2022-09-20 05:27 (-05),On Demand,,20,Running,Scenic Ride,20 min Canberra Molonglo River  Run,,190,,,,3.31,1.10,222,111.10,3.16,18:08
2022-09-22 05:17 (-05),On Demand,,30,Cycling,Scenic Ride,30 min Wheeler County Ride,,223,124,40%,84,17.63,8.80,368,117.24,,
2022-09-23 05:52 (-05),On Demand,,20,Running,Scenic Ride,20 min Yoho & Glacier National Parks,,202,,,,3.70,1.23,260,127.31,2.15,16:13
2022-09-24 07:07 (-05),On Demand,,10,Running,Scenic Ride,10 min San Diego Bayshore Bikeway Run,,107,,,,3.82,0.63,122,120.19,3.07,15:43
2022-09-24 07:17 (-05),On Demand,,5,Running,Scenic Ride,5 min Toledo Run,,40,,,,2.97,0.25,61,118.59,1.85,20:12
2022-09-26 05:36 (-05),On Demand,,30,Cycling,Scenic Ride,30 min Oahu Kaneohe Ride,,213,118,38%,86,17.09,8.54,363,118.00,,
2022-09-27 05:57 (-05),On Demand,,10,Running,Scenic Ride,10 min Taal Heritage Town Run,,112,,,,4.16,0.69,131,127.29,1.64,14:25
2022-09-28 05:45 (-05),On Demand,,15,Cycling,Scenic Ride,15 min Scotland Ardverikie Estate Ride,,98,109,36%,88,16.34,4.08,147,104.00,,
2022-09-29 05:36 (-05),On Demand,,15,Running,Scenic Ride,15 min Barcelona Park Run,,164,,,,3.84,0.96,210,134.46,2.88,15:38
2022-09-30 05:30 (-05),On Demand,,30,Cycling,Scenic Ride,30 min Prosser Creek Trail Ride,,220,122,40%,84,17.30,8.63,329,110.00,,
2022-10-01 06:48 (-05),On Demand,,None,Running,Scenic Ride,5 KM Scotland Kinloch Hourn Run,,226,,,,4.11,1.39,307,136.91,0,14:36
2022-10-03 06:32 (-05),On Demand,,15,Cycling,Scenic Ride,15 min Scotland Ardverikie Estate Ride,,73,82,32%,89,14.66,3.66,137,100.00,,
2022-10-04 05:21 (-05),On Demand,,15,Running,Scenic Ride,15 min Cabo Beach Run,,163,,,,4.05,1.00,194,124.13,1.86,14:49
2022-10-06 05:38 (-05),On Demand,,20,Cycling,Scenic Ride,20 min Mount Rainier Ride,,160,134,41%,86,18.04,6.00,263,125.00,,
2022-10-08 05:26 (-05),On Demand,,30,Cycling,Scenic Ride,30 min Fjallfoss Ride,,167,93,35%,85,15.54,7.75,347,115.00,,
2022-10-09 05:33 (-05),On Demand,,15,Cycling,Scenic Ride,15 min Scotland Ardverikie Estate Ride,,121,135,43%,81,18.05,4.51,175,114.00,,
2022-10-12 05:52 (-05),On Demand,,20,Cycling,Scenic Ride,20 min Mount Rainier Ride,,154,129,39%,89,17.64,5.87,273,122.00,,
2022-10-13 06:03 (-05),On Demand,,10,Cycling,Scenic Ride,10 min Puerto Rico Old San Juan Ride,,77,129,38%,91,17.68,2.93,111,113.00,,
2022-10-15 06:31 (-05),On Demand,,20,Running,Scenic Ride,20 min Canyonlands National Park Run,,195,,,,3.41,1.13,221,66.24,3.12,17:36
2022-10-15 06:55 (-05),On Demand,,20,Cycling,Scenic Ride,20 min Algarve Coast Ride,,126,105,36%,87,16.40,5.46,240,119.00,,
2022-10-16 06:30 (-05),On Demand,,30,Cycling,Scenic Ride,30 min Haleakala National Park Ride,,272,151,45%,81,18.77,9.38,411,128.00,,
2022-10-17 07:38 (-05),On Demand,,15,Running,Scenic Ride,15 min Barcelona Park Run,,155,,,,3.71,0.92,242,139.08,0,16:10
2022-10-18 07:09 (-05),On Demand,,15,Cycling,Scenic Ride,15 min Scotland Ardverikie Estate Ride,,115,128,39%,89,17.66,4.41,194,123.00,,
2022-10-22 06:35 (-05),On Demand,,30,Running,Scenic Ride,30 min Scotland Ardverikie Estate Run,,286,,,,3.45,1.72,403,131.09,2.35,17:23
2022-10-23 06:42 (-05),On Demand,,5,Cycling,Scenic Ride,5 min Alajuela Ride,,31,103,33%,99,16.28,1.35,40,92.00,,
2022-10-23 06:49 (-05),On Demand,,20,Cycling,Scenic Ride,20 min Puerto Rico El Yunque Forest Ride,,146,121,35%,95,17.03,5.67,227,112.00,,
2022-10-25 08:38 (-05),On Demand,,15,Running,Scenic Ride,15 min Oahu Mokuleia Beach Run,,145,,,,3.35,0.84,206,130.52,3.18,17:55
2022-10-28 05:49 (-05),On Demand,,20,Cycling,Scenic Ride,20 min London Victoria Park Ride,,128,107,37%,86,16.56,5.49,202,106.00,,
2022-11-01 05:12 (-05),On Demand,,15,Running,Scenic Ride,15 min London Battersea Park Run,,153,,,,3.68,0.91,187,120.24,2.60,16:18
2022-11-04 05:39 (-05),On Demand,,15,Cycling,Scenic Ride,15 min London Hackney Marshes Ride,,96,108,36%,88,16.18,4.02,150,107.00,,
2022-11-06 06:34 (-06),On Demand,,None,Running,Scenic Ride,5 KM Victoria Park,,255,,,,3.33,1.55,338,115.50,0,18:01
2022-11-07 05:29 (-06),On Demand,,15,Cycling,Scenic Ride,15 min London Hackney Marshes Ride,,113,126,39%,87,17.38,4.34,165,110.72,,
2022-11-08 05:02 (-06),On Demand,,30,Cycling,Scenic Ride,30 min Rhone-Alpes Ride,,209,116,38%,88,16.88,8.43,367,118.50,,
2022-11-10 13:19 (-06),On Demand,,15,Running,Scenic Ride,15 min Barcelona Park Run,,154,,,,3.76,0.93,159,107.89,2.05,15:58
2022-11-13 07:19 (-06),On Demand,,15,Running,Scenic Ride,15 min Cabo Beach Run,,166,,,,3.77,0.94,223,138.33,3.78,15:55
2022-11-14 13:52 (-06),On Demand,,10,Cycling,Scenic Ride,10 min Painted Hills Ride,,64,107,34%,96,16.24,2.70,107,108.00,,
2022-11-15 05:54 (-06),On Demand,,20,Cycling,Scenic Ride,20 min Escalante Utah Ride,,150,126,36%,95,17.25,5.71,242,118.00,,
2022-11-16 06:28 (-06),On Demand,,10,Cycling,Scenic Ride,10 min Paris City Ride,,85,143,40%,90,17.99,2.98,122,120.00,,
2022-11-17 11:04 (-06),On Demand,,20,Cycling,Scenic Ride,20 min Scotland Kinloch Hourn Ride,,178,149,41%,91,18.68,6.20,258,124.00,,
2022-11-19 09:12 (-06),On Demand,,15,Running,Scenic Ride,15 min Oahu Mokuleia Beach Run,,155,,,,3.88,0.97,240,148.45,1.89,15:28
2022-11-20 06:05 (-06),On Demand,,30,Cycling,Scenic Ride,30 min Streets of London Ride,,91,99,35%,90,15.83,4.05,164,108.00,,
2022-11-27 10:07 (-06),On Demand,,None,Cycling,Scenic Ride,5 KM London Tower Bridge Ride,,80,122,38%,89,17.14,3.11,108,104.85,,
2022-11-28 13:08 (-06),On Demand,,5,Cycling,Scenic Ride,5 min San Diego Sunsets Ride,,35,116,35%,95,16.44,1.37,46,101.00,,
2022-11-28 13:13 (-06),On Demand,,5,Cycling,Scenic Ride,5 min Alberta Ride,,34,113,39%,81,16.34,1.36,46,99.00,,
2022-12-12 04:38 (-06),On Demand,,30,Cycling,Scenic Ride,30 min Draguignan Ride,,199,110,36%,89,16.49,8.24,331,116.00,,
2022-12-13 06:04 (-06),On Demand,,15,Cycling,Scenic Ride,15 min Scotland Ardverikie Estate Ride,,106,119,38%,90,17.08,4.26,186,120.00,,
2023-01-04 16:11 (-06),On Demand,,20,Cycling,Scenic Ride,20 min Olympic Valley Ride,,130,108,36%,92,16.34,5.43,221,112.00,,
2023-01-06 05:55 (-06),On Demand,,10,Cycling,Scenic Ride,10 min Rohtang Pass Ride,,77,128,39%,89,17.76,2.95,120,116.00,,
2023-01-07 06:03 (-06),On Demand,,30,Cycling,Scenic Ride,30 min Westfjords Ride,,217,121,38%,90,17.22,8.60,392,124.00,,
2023-01-08 06:31 (-06),On Demand,,30,Cycling,Scenic Ride,30 min Anegundi Village Ride,,179,100,35%,89,16.00,8.00,314,107.00,,
2023-01-09 06:03 (-06),On Demand,,20,Cycling,Scenic Ride,20 min La Huasteca Canyon Ride,,139,116,39%,86,16.87,5.62,237,117.00,,
2023-01-10 05:39 (-06),On Demand,,15,Cycling,Scenic Ride,15 min Veluwe Kootwijk Ride,,97,108,37%,87,16.39,4.08,145,104.00,,
2023-01-11 08:21 (-06),On Demand,,30,Cycling,Scenic Ride,30 min South Africa Clarence Drive Ride,,253,141,41%,87,18.22,9.09,440,134.00,,
2023-01-12 15:25 (-06),On Demand,,15,Running,Scenic Ride,15 min Yosemite National Park Run,,131,,,,3.14,0.78,221,134.02,2.50,19:07
2023-01-16 08:37 (-06),On Demand,,15,Cycling,Scenic Ride,15 min Veluwe Kootwijk Ride,,106,118,39%,86,16.94,4.22,168,113.00,,
2023-01-17 05:35 (-06),On Demand,,5,Cycling,Scenic Ride,5 min London Bridges Ride,,46,155,45%,81,18.65,1.53,47,101.00,,
2023-01-17 05:41 (-06),On Demand,,20,Cycling,Scenic Ride,20 min Scotland Kinloch Hourn Ride,,132,111,38%,84,16.55,5.50,238,116.00,,
2023-01-18 08:06 (-06),On Demand,,20,Cycling,Scenic Ride,20 min Olympic Valley Ride,,155,129,41%,84,17.57,5.83,281,130.00,,
2023-01-19 15:49 (-06),On Demand,,15,Cycling,Scenic Ride,15 min Veluwe Kootwijk Ride,,93,104,36%,86,16.16,4.04,136,101.00,,
2023-01-20 12:45 (-06),On Demand,,None,Cycling,Scenic Ride,5 KM Oregon Wasco County Ride,,81,127,41%,83,17.40,3.11,115,112.00,,
2023-01-21 08:04 (-06),On Demand,,45,Cycling,Scenic Ride,45 min Ladakh Pangong Lake Ride,,355,131,42%,83,17.79,13.34,619,128.00,,
2023-01-23 13:38 (-06),On Demand,,20,Cycling,Scenic Ride,20 min London Victoria Park Ride,,180,151,43%,85,18.61,6.18,289,133.00,,
2023-01-24 08:43 (-06),On Demand,,15,Running,Scenic Ride,15 min Pao de Acucar Run,,120,,,,2.96,0.73,135,99.05,1.88,20:18
2023-01-25 15:46 (-06),On Demand,,15,Running,Scenic Ride,15 min Canary Islands Run,,132,,,,2.97,0.74,179,117.98,4.22,20:11
2023-01-27 15:10 (-06),On Demand,,15,Cycling,Scenic Ride,15 min Taroko Gorge Ride,,140,156,47%,80,19.05,4.76,184,118.00,,
2023-01-28 07:06 (-06),On Demand,,20,Running,Scenic Ride,20 min Krakow Old Town Run,,186,,,,3.47,1.15,265,126.96,1.79,17:16
2023-01-30 12:40 (-06),On Demand,,None,Running,Scenic Ride,1M London Regent's Canal,,163,,,,3.60,1.00,214,127.91,2.28,16:40
2023-01-31 07:08 (-06),On Demand,,None,Running,Scenic Ride,1 Mile Kualoa Ranch Run,,160,,,,4.05,1.00,179,99.66,1.77,14:48
2023-01-31 07:27 (-06),On Demand,,5,Cycling,Scenic Ride,5 min Potsdam Ride,,31,106,36%,89,16.48,1.35,50,108.00,,
2023-02-01 14:40 (-06),On Demand,,None,Running,Scenic Ride,1 Mile Columbia River Gorge,,161,,,,4.02,1.00,234,143.46,1.87,14:56
2023-02-02 12:25 (-06),On Demand,,None,Running,Scenic Ride,1M London Regent's Canal,,158,,,,4.32,1.00,197,12.90,1.50,13:54
2023-02-03 13:16 (-06),On Demand,,30,Running,Scenic Ride,30 min Tyrol Gorges Run,,213,,,,3.73,1.36,254,13.69,0,16:05
2023-02-04 10:09 (-06),On Demand,,30,Cycling,Scenic Ride,30 min Annecy Ride,,222,123,39%,86,17.10,8.53,418,131.00,,
2023-02-06 15:33 (-06),On Demand,,15,Cycling,Scenic Ride,15 min Taroko Gorge Ride,,106,119,39%,84,17.04,4.24,173,114.00,,
2023-02-07 14:03 (-06),On Demand,,5,Running,Scenic Ride,5 min Oman Wadi Shab Trail Run,,45,,,,2.92,0.24,52,114.11,5.22,20:35
2023-02-07 14:09 (-06),On Demand,,15,Running,Scenic Ride,15 min Aspen Smuggler Mountain Run,,163,,,,4.22,1.05,225,156.50,1.09,14:14
2023-02-08 14:12 (-06),On Demand,,20,Cycling,Scenic Ride,20 min Spokane Ride,,109,92,34%,87,15.43,5.11,195,104.00,,
2023-02-10 13:41 (-06),On Demand,,15,Running,Scenic Ride,15 min Edinburgh Holyrood Park Run,,160,,,,4.20,1.05,246,165.89,0.68,14:17
2023-02-12 10:24 (-06),On Demand,,20,Cycling,Scenic Ride,20 min Vila do Bispo Ride,,154,129,40%,86,17.42,5.78,222,110.29,,
2023-02-13 15:21 (-06),On Demand,,20,Cycling,Scenic Ride,20 min Lewis and Clark Ride,,152,127,40%,84,17.25,5.72,232,115.00,,
2023-02-14 15:32 (-06),On Demand,,15,Running,Scenic Ride,15 min Coal Mine Canyon Run,,144,,,,3.52,0.88,189,119.98,2.23,17:02
2023-02-17 11:47 (-06),On Demand,,10,Running,Scenic Ride,10 min Chania Crete Run,,97,,,,3.72,0.62,137,119.44,1.34,16:08
2023-02-20 14:12 (-06),On Demand,,15,Cycling,Scenic Ride,15 min Royal Park Rajapruek Ride,,115,127,39%,87,17.44,4.37,182,118.00,,
2023-02-21 15:22 (-06),On Demand,,15,Cycling,Scenic Ride,15 min Red Canyon Ride,,115,128,40%,87,17.63,4.39,183,116.00,,
2023-02-22 13:56 (-06),On Demand,,15,Running,Scenic Ride,15 min San Clemente Run,,134,,,,3.25,0.81,169,113.51,2.24,18:27
2023-02-23 15:14 (-06),On Demand,,20,Cycling,Scenic Ride,20 min Dolomites Ride,,176,147,43%,84,18.49,6.16,257,121.00,,
2023-02-24 05:19 (-06),On Demand,,15,Running,Scenic Ride,15 min Cable Beach Run,,113,,,,2.87,0.71,119,91.58,1.34,20:56
2023-02-25 05:49 (-06),On Demand,,20,Cycling,Scenic Ride,20 min Iceland Ride,,121,101,36%,89,16.04,5.34,217,111.00,,
2023-02-26 06:06 (-06),On Demand,,30,Cycling,Scenic Ride,30 min Mt. Diablo Ride,,167,93,36%,84,15.63,7.81,267,97.00,,
2023-02-27 06:23 (-06),On Demand,,10,Running,Scenic Ride,10 min Kings Canyon Run,,96,,,,3.51,0.58,113,113.01,2.48,17:07
2023-02-28 05:46 (-06),On Demand,,15,Cycling,Scenic Ride,15 min Teshima Island Ride,,105,118,38%,89,17.18,4.27,143,101.00,,
2023-03-01 13:05 (-06),On Demand,,20,Cycling,Scenic Ride,20 min La Huasteca Canyon Ride,,125,105,37%,87,16.34,5.43,214,108.00,,
2023-03-03 08:57 (-06),On Demand,,15,Running,Scenic Ride,15 min Aspen Smuggler Mountain Run,,147,,,,3.57,0.88,219,12.58,2.55,16:49
2023-03-04 06:13 (-06),On Demand,,30,Cycling,Scenic Ride,30 min Annecy Ride,,185,103,36%,88,16.11,8.03,340,112.00,,
2023-03-05 06:22 (-06),On Demand,,30,Cycling,Scenic Ride,30 min Gilman Tunnels Ride,,217,120,39%,85,17.06,8.52,350,116.00,,
2023-03-06 10:24 (-06),On Demand,,15,Running,Scenic Ride,15 min Spokane Run,,156,,,,3.81,0.95,186,129.16,2.60,15:45
2023-03-07 06:03 (-06),On Demand,,15,Cycling,Scenic Ride,15 min Teshima Island Ride,,101,112,39%,84,16.72,4.16,160,109.00,,
2023-03-08 06:17 (-06),On Demand,,15,Running,Scenic Ride,15 min French Alpine Lake Run,,160,,,,4.03,1.00,214,132.07,1.96,14:55
2023-03-09 15:17 (-06),On Demand,,20,Cycling,Scenic Ride,20 min Marina Green Park Ride,,125,105,35%,91,16.19,5.37,232,114.00,,
2023-03-14 06:10 (-05),On Demand,,20,Cycling,Scenic Ride,20 min Olympic Valley Ride,,123,103,39%,81,16.03,5.32,195,103.00,,
2023-03-16 08:19 (-05),On Demand,,10,Running,Scenic Ride,10 min Wyndham Australian Outback Run,,102,,,,3.55,0.59,115,,3.42,16:53
2023-03-17 15:40 (-05),On Demand,,15,Running,Scenic Ride,15 min Tyrol Run,,156,,,,3.55,0.88,222,139.93,4.00,16:54
2023-03-18 06:15 (-05),On Demand,,10,Cycling,Scenic Ride,10 min Shinglemill Trail Ride,,61,103,36%,90,16.39,2.71,85,95.00,,
2023-03-18 06:28 (-05),On Demand,,30,Cycling,Scenic Ride,30 min Draguignan Ride,,180,100,36%,88,15.86,7.91,333,111.00,,
2023-03-20 14:03 (-05),On Demand,,15,Cycling,Scenic Ride,15 min Crete Ride,,105,117,39%,83,16.21,4.03,165,117.00,,
2023-03-21 11:31 (-05),On Demand,Hannah Frankson,15,Cycling,Intervals,15 min Tabata Ride,2023-03-01 13:52 (-05),139,154,40%,92,18.60,4.65,192,120.00,,
2023-03-21 11:47 (-05),On Demand,Hannah Frankson,5,Cycling,Cool Down,5 min Cool Down Ride,2022-07-16 02:30 (-05),20,67,28%,92,13.48,1.12,54,115.00,,
2023-03-22 12:16 (-05),On Demand,,20,Cycling,Scenic Ride,20 min Andorra Mountains Ride,,143,120,38%,90,16.89,5.61,242,117.00,,
2023-03-27 11:29 (-05),On Demand,,10,Cycling,Scenic Ride,10 min Shinglemill Trail Ride,,84,141,42%,85,17.82,2.95,108,112.00,,
2023-03-27 11:40 (-05),On Demand,,10,Cycling,Scenic Ride,10 min Wyndham Australian Outback Ride,,51,85,32%,92,15.10,2.49,104,106.97,,
2023-03-28 13:26 (-05),On Demand,,30,Cycling,Scenic Ride,30 min Lago Di Garda Ride,,236,132,40%,89,17.70,8.79,369,119.00,,
2023-03-29 10:39 (-05),On Demand,,20,Cycling,Scenic Ride,20 min Avignon Ride,,147,123,37%,91,17.19,5.70,249,121.00,,
2023-03-30 08:13 (-05),On Demand,,15,Cycling,Scenic Ride,15 min Colorado Ride,,115,129,41%,85,17.41,4.33,176,118.00,,
2023-04-01 10:59 (-05),On Demand,,30,Cycling,Scenic Ride,30 min Westfjords Ride,,214,119,37%,91,17.32,8.64,358,116.00,,
2023-04-02 05:28 (-05),On Demand,,45,Cycling,Scenic Ride,45 min St. Moritz Ride,,360,133,41%,88,17.98,13.46,579,122.00,,
2023-04-03 07:27 (-05),On Demand,,30,Cycling,Scenic Ride,30 min Monschau Eifel Ride,,238,132,41%,85,17.47,8.71,448,136.00,,
2023-04-04 06:07 (-05),On Demand,,20,Running,Scenic Ride,20 min Towns of the Algarve Run,,190,,,,3.42,1.13,226,77.63,2.73,17:32
2023-04-05 07:56 (-05),On Demand,,30,Cycling,Scenic Ride,30 min Joshua Tree Ride,,215,120,39%,86,16.95,8.45,401,126.00,,
2023-04-06 10:15 (-05),On Demand,,45,Running,Scenic Ride,45 min Kenyan Forest Reserves Run,,410,,,,3.31,2.47,575,120.94,2.49,18:08
2023-04-07 07:53 (CDT),,,30,Cycling,,30 min Just Ride,,230,128,40%,87,17.56,8.78,406,127.00,,
2023-04-10 15:19 (-05),On Demand,,45,Cycling,Scenic Ride,45 min Marseille Ride,,354,131,43%,82,17.81,13.33,537,117.00,,
2023-04-11 10:39 (-05),On Demand,,30,Cycling,Scenic Ride,30 min Andalusia Mountains Ride,,257,143,42%,86,18.43,9.17,389,123.00,,
2023-04-12 14:57 (-05),On Demand,,30,Cycling,Scenic Ride,30 min Midi-Pyrenees Ride,,220,123,41%,84,17.43,8.63,358,117.00,,
2023-04-14 09:10 (-05),On Demand,,30,Cycling,Scenic Ride,30 min French Pyrenees Ride,,211,117,38%,89,17.05,8.50,348,115.00,,
2023-04-15 05:16 (-05),On Demand,,45,Cycling,Scenic Ride,45 min Bernese Oberland Ride,,329,122,40%,85,17.16,12.85,496,113.00,,
2023-04-18 07:20 (-05),On Demand,,45,Cycling,Scenic Ride,45 min Shinglemill Trail Ride,,315,117,41%,84,16.80,12.58,573,122.00,,
2023-04-19 10:05 (-05),On Demand,,45,Cycling,Scenic Ride,45 min Mount Pilatus Ride,,121,129,41%,83,17.37,4.51,179,113.00,,
2023-04-21 05:23 (-05),On Demand,,45,Running,Scenic Ride,45 min Assisi Run,,338,,,,3.20,2.00,460,117.57,2.77,18:46
2023-04-24 11:37 (-05),On Demand,,30,Cycling,Scenic Ride,30 min Medoc Ride,,122,119,39%,85,16.40,4.67,222,123.00,,
2023-04-25 05:24 (-05),On Demand,Emma Lovewell,30,Cycling,Music,30 min 2010s Ride,2023-04-24 10:55 (-05),239,133,45%,77,17.95,8.98,420,129.00,,
2023-04-25 05:54 (-05),On Demand,,5,Cycling,Scenic Ride,5 min El Yunque National Forest Ride,,14,49,24%,95,11.83,0.97,52,111.00,,
2023-04-26 05:51 (-05),On Demand,,30,Cycling,Scenic Ride,30 min Cuyahoga Valley Ride,,194,108,36%,93,16.45,8.21,314,114.00,,
2023-04-28 09:48 (-05),On Demand,,30,Cycling,Scenic Ride,30 min Annecy Ride,,245,137,40%,91,17.86,8.90,383,121.00,,
2023-05-01 14:16 (-05),On Demand,,45,Cycling,Scenic Ride,45 min Cote d'Or Vineyards Ride,,364,135,43%,83,17.95,13.44,531,116.00,,
2023-05-02 14:57 (-05),On Demand,,30,Cycling,Scenic Ride,30 min Front Range Trails Ride,,273,152,45%,81,18.70,9.32,399,130.00,,
2023-05-03 11:27 (-05),On Demand,,30,Cycling,Scenic Ride,30 min Oahu Kaneohe Ride,,235,131,41%,86,17.64,8.80,374,119.00,,
2023-05-06 16:00 (-05),On Demand,,30,Cycling,Scenic Ride,30 min Oahu Kaneohe Ride,,251,140,45%,79,18.04,8.99,392,123.00,,
2023-05-09 14:21 (-05),On Demand,,45,Cycling,Scenic Ride,45 min Parque Fundidora Ride,,321,119,38%,89,16.83,12.60,538,116.00,,
2023-06-04 12:19 (EDT),,,0,Walking,,1 sec Outdoor Walking,,0,,,,0,0,0,,,
2023-06-05 09:43 (EDT),,,10,Cycling,,10 min 23 sec Just Ride,,0,0,0%,0,0,0,121,114.52,,
2023-06-14 07:04 (-05),On Demand,,15,Cycling,Scenic Ride,15 min Kajiado Great Rift Valley Ride,,109,121,38%,88,17.19,4.29,205,128.00,,
2023-06-15 14:06 (-05),On Demand,,15,Cycling,Scenic Ride,15 min Westfjords Dynjandi Ride,,109,122,40%,85,17.18,4.29,162,107.18,,
2023-06-20 13:22 (-05),On Demand,,10,Cycling,Scenic Ride,10 min Udaipur Jaisamand Lake Ride,,65,109,38%,85,16.54,2.75,93,102.42,,
2023-06-20 13:32 (-05),On Demand,,30,Cycling,Scenic Ride,30 min Ticino Gotthard Pass Ride,,68,97,36%,81,15.12,2.93,113,102.37,,
2023-06-22 09:20 (-05),On Demand,,30,Cycling,Scenic Ride,30 min French Pyrenees Ride,,182,101,36%,86,15.69,7.84,333,111.79,,
2023-06-24 09:21 (-05),On Demand,,30,Cycling,Scenic Ride,30 min Algarve Ride,,207,115,38%,88,16.68,8.33,374,120.00,,
2023-06-26 16:42 (-05),On Demand,,10,Cycling,Scenic Ride,10 min Shrewsbury Quarry Park Ride,,50,83,32%,90,14.65,2.44,90,95.19,,
2023-06-27 15:21 (-05),On Demand,,30,Cycling,Scenic Ride,30 min Castile-La Mancha Ride,,165,135,43%,79,17.69,6.02,274,130.40,,
2023-06-28 07:22 (CDT),,,5,Running,,5 min Just Run,,3,,,,0.26,0.02,4,66.97,0,60:00+
2023-06-28 09:45 (-05),On Demand,,45,Cycling,Scenic Ride,45 min Bangalore Lake Ride,,368,137,41%,87,18.04,13.52,706,137.39,,
2023-06-29 12:30 (CDT),,,0,Cycling,,Entertainment Ride,,0,0,50%,0,0.00,0,0,,,
2023-06-29 12:31 (-05),On Demand,,15,Cycling,Scenic Ride,15 min Kajiado Great Rift Valley Ride,,134,149,44%,83,18.48,4.62,212,129.00,,
2023-06-30 10:51 (-05),On Demand,,15,Cycling,Scenic Ride,15 min Casablanca Road Ride,,100,111,38%,81,16.44,4.11,214,133.00,,
2023-07-02 10:42 (-05),On Demand,,30,Cycling,Scenic Ride,30 min San Andres to Bailadero Ride,,225,125,40%,83,16.98,8.48,403,126.00,,
2023-07-06 14:32 (-05),On Demand,,45,Cycling,Scenic Ride,45 min Hook of Holland Ride,,92,98,37%,82,15.60,4.05,139,98.00,,
2023-07-07 06:02 (-05),On Demand,,30,Cycling,Scenic Ride,30 min Haleakala National Park Ride,,149,104,38%,75,15.21,6.04,301,122.00,,
2023-07-10 08:04 (-05),On Demand,,15,Cycling,Scenic Ride,15 min Kajiado Great Rift Valley Ride,,126,141,45%,70,17.32,4.32,195,132.00,,
2023-07-11 13:52 (-05),On Demand,,20,Cycling,Scenic Ride,20 min Galloping Goose Trail Ride,,118,98,36%,86,15.87,5.28,247,119.00,,
2023-07-12 13:59 (-05),On Demand,,20,Cycling,Scenic Ride,20 min Gorenjska Region Ride,,156,130,40%,88,17.76,5.91,295,135.00,,
2023-07-14 08:45 (-05),On Demand,,30,Cycling,Scenic Ride,30 min French Pyrenees Ride,,207,115,38%,85,16.65,8.31,417,128.03,,
2023-07-15 10:45 (-05),On Demand,,15,Cycling,Scenic Ride,15 min Delft Old Centre Ride,,122,135,41%,86,17.95,4.48,191,123.51,,
2023-07-16 11:37 (-05),On Demand,,15,Cycling,Scenic Ride,15 min Casablanca Road Ride,,60,67,30%,84,13.24,3.30,171,119.00,,
2023-07-17 11:30 (-05),On Demand,,30,Cycling,Scenic Ride,30 min Ticino Gotthard Pass Ride,,278,155,45%,81,19.06,9.52,394,124.00,,
2023-07-18 09:42 (-05),On Demand,Hannah Frankson,15,Cycling,Intervals,15 min Tabata Ride,2023-05-24 12:55 (-05),142,157,40%,91,18.72,4.68,210,129.25,,
2023-07-19 07:11 (-05),On Demand,,20,Cycling,Scenic Ride,20 min Galloping Goose Trail Ride,,128,107,37%,86,16.34,5.44,195,104.00,,
2023-07-20 13:04 (-05),On Demand,,20,Cycling,Scenic Ride,20 min Gorenjska Region Ride,,145,121,40%,83,16.97,5.65,211,107.00,,
2023-07-21 10:21 (-05),On Demand,,30,Cycling,Scenic Ride,30 min Annecy Ride,,263,146,42%,84,18.41,9.20,374,120.00,,
2023-07-24 06:12 (-05),On Demand,Emma Lovewell,30,Cycling,Music,30 min 2010s Ride,2023-07-01 08:52 (-05),239,133,44%,79,17.87,8.93,409,130.00,,
2023-07-25 15:14 (-05),On Demand,Jenn Sherman,20,Cycling,Music,20 min 2000s Ride,2023-07-25 09:24 (-05),179,149,45%,81,18.61,6.20,275,127.06,,
2023-07-26 07:37 (-05),On Demand,,30,Cycling,Scenic Ride,30 min Front Range Trails Ride,,293,163,52%,71,19.43,9.71,441,134.00,,
2023-07-26 08:07 (CDT),,,2,Cycling,,2 min Just Ride,,7,58,28%,87,12.56,0.42,26,130.00,,
2023-08-01 14:04 (CDT),,,31,Cycling,,31 min Entertainment Ride,,195,104,37%,83,15.70,8.17,264,,,
2023-08-02 07:16 (CDT),,,30,Cycling,,30 min Entertainment Ride,,215,111,38%,87,16.08,8.65,291,,,
2023-08-03 09:32 (CDT),,,31,Cycling,,32 min Entertainment Ride,,248,125,41%,83,16.80,9.24,337,,,
2023-08-04 10:23 (CDT),,,30,Cycling,,30 min Entertainment Ride,,195,107,38%,85,16.19,8.20,265,,,
2023-08-06 14:23 (CDT),,,8,Cycling,,8 min Entertainment Ride,,21,38,24%,78,9.60,1.49,29,,,
2023-08-07 12:59 (CDT),,,31,Cycling,,31 min Entertainment Ride,,157,83,34%,79,14.07,7.36,212,,,
2023-08-08 12:39 (CDT),,,30,Cycling,,30 min Entertainment Ride,,168,92,35%,82,14.90,7.60,228,,,
2023-08-09 12:43 (CDT),,,18,Cycling,,18 min Entertainment Ride,,105,93,35%,85,14.52,4.56,143,,,
2023-08-10 08:59 (-05),On Demand,,30,Cycling,Scenic Ride,30 min Grisons St. Moritz Ride,,163,123,41%,81,16.63,6.11,280,124.00,,
2023-08-11 12:44 (CDT),,,33,Cycling,,33 min Entertainment Ride,,234,112,40%,82,16.07,9.36,317,,,
2023-08-13 08:39 (CDT),,,19,Cycling,,19 min Entertainment Ride,,67,56,29%,81,12.03,3.99,90,,,
2023-08-14 09:41 (CDT),,,28,Cycling,,28 min Entertainment Ride,,97,52,29%,71,11.23,5.78,131,,,
2023-08-15 11:33 (CDT),,,21,Cycling,,21 min Entertainment Ride,,89,63,30%,86,12.24,4.86,121,,,
2023-08-16 09:53 (CDT),,,31,Cycling,,31 min Entertainment Ride,,170,91,33%,90,15.05,7.81,230,,,
2023-08-17 15:39 (CDT),,,16,Cycling,,17 min Entertainment Ride,,111,110,38%,87,16.53,4.63,151,,,
2023-08-19 06:32 (CDT),,,30,Cycling,,31 min Entertainment Ride,,211,113,38%,87,16.43,8.51,285,,,
2023-08-20 06:19 (CDT),,,22,Cycling,,22 min Entertainment Ride,,152,114,37%,88,16.34,6.07,206,,,
2023-08-20 12:09 (CDT),,,15,Cycling,,16 min Entertainment Ride,,54,57,25%,82,11.75,3.11,73,,,
2023-08-21 05:28 (-05),On Demand,Mariana Fernandez,20,Cycling,Scenic Ride,20 min Puerto Rico Ride,,148,123,41%,84,17.36,5.79,197,102.00,,
2023-08-22 05:47 (CDT),,,26,Cycling,,26 min Entertainment Ride,,149,95,36%,84,15.39,6.71,202,,,
2023-08-23 06:08 (CDT),,,21,Cycling,,21 min Entertainment Ride,,126,95,34%,85,15.02,5.53,171,,,
2023-08-24 12:09 (CDT),,,11,Cycling,,11 min Entertainment Ride,,68,96,35%,85,14.96,2.93,97,,,
2023-08-25 08:45 (CDT),,,27,Cycling,,27 min Entertainment Ride,,174,104,35%,90,15.95,7.41,236,,,
2023-08-26 09:11 (-05),On Demand,Olivia Amato,20,Cycling,Music,20 min Hip Hop Ride,2023-08-24 04:55 (-05),86,141,46%,79,18.32,3.12,102,103.00,,
2023-08-27 14:02 (CDT),,,17,Cycling,,17 min Entertainment Ride,,50,46,23%,67,9.57,2.88,67,,,
2023-08-28 05:53 (CDT),,,20,Cycling,,20 min Entertainment Ride,,86,68,28%,88,13.08,4.57,117,,,
2023-09-03 08:00 (CDT),,,46,Cycling,,46 min Entertainment Ride,,227,81,31%,85,14.13,10.97,308,,,
2023-09-04 11:42 (CDT),,,20,Cycling,,21 min Entertainment Ride,,101,80,31%,86,14.20,4.94,136,,,
2023-09-05 11:20 (CDT),,,26,Cycling,,26 min Entertainment Ride,,160,99,34%,84,15.42,6.88,216,,,
2023-09-06 08:38 (-05),On Demand,,20,Cycling,Scenic Ride,20 min Northern Rockies Ride,,129,108,34%,91,16.06,5.35,206,115.00,,
2023-09-07 10:29 (CDT),,,4,Cycling,,4 min Just Ride,,25,96,33%,90,15.01,1.08,36,95.00,,
2023-09-07 10:34 (CDT),,,15,Cycling,,15 min Just Ride,,103,108,37%,87,16.37,4.31,159,103.33,,
2023-09-08 07:52 (CDT),,,15,Cycling,,15 min Entertainment Ride,,111,119,37%,90,16.92,4.39,150,,,
2023-09-10 11:21 (CDT),,,32,Cycling,,32 min Entertainment Ride,,197,103,37%,83,15.90,8.49,267,,,
2023-09-11 07:01 (CDT),,,22,Cycling,,22 min Entertainment Ride,,154,117,38%,87,16.99,6.23,209,,,
2023-09-12 07:21 (-05),On Demand,Ben Alldis,15,Cycling,Music,15 min Armin Van Buuren Ride,2023-09-07 01:00 (-05),138,153,46%,79,19.02,4.75,208,126.00,,
2023-09-13 12:38 (CDT),,,18,Cycling,,19 min Entertainment Ride,,86,76,29%,75,12.48,3.92,116,,,
2023-09-14 12:39 (CDT),,,16,Cycling,,16 min Entertainment Ride,,117,120,39%,85,17.30,4.66,155,92.32,,
2023-09-15 09:29 (CDT),,,32,Cycling,,32 min Entertainment Ride,,185,94,34%,82,14.86,8.11,352,109.48,,
2023-09-16 13:14 (CDT),,,21,Cycling,,21 min Entertainment Ride,,105,82,32%,85,14.36,5.10,177,95.25,,
2023-09-17 10:51 (CDT),,,20,Cycling,,21 min Entertainment Ride,,145,115,35%,91,16.45,5.74,236,115.13,,
2023-09-18 09:43 (CDT),,,27,Cycling,,27 min Entertainment Ride,,161,97,34%,91,15.54,7.17,302,110.16,,
2023-09-19 10:58 (CDT),,,23,Cycling,,24 min Entertainment Ride,,159,111,35%,88,16.24,6.49,261,111.00,,
2023-09-20 09:42 (CDT),,,31,Cycling,,31 min Entertainment Ride,,171,91,33%,84,14.80,7.69,359,110.48,,
2023-09-21 09:37 (CDT),,,27,Cycling,,28 min Entertainment Ride,,180,107,36%,85,15.85,7.39,278,104.00,,
2023-09-22 09:27 (CDT),,,23,Cycling,,23 min Entertainment Ride,,138,100,34%,86,15.44,5.96,211,91.96,,
2023-09-23 14:07 (CDT),,,22,Cycling,,22 min Entertainment Ride,,116,85,32%,84,14.35,5.45,206,101.00,,
2023-09-25 08:58 (CDT),,,5,Cycling,,5 min Entertainment Ride,,26,84,29%,80,13.60,1.14,49,105.61,,
2023-09-25 09:05 (-05),Live,Leanne Hainsby-Alldis,20,Cycling,Music,20 min Hip Hop Ride,2023-09-25 00:55 (-05),174,145,41%,89,18.66,6.22,280,128.68,,
2023-09-26 11:12 (CDT),,,20,Cycling,,20 min Entertainment Ride,,129,105,33%,85,15.11,5.13,215,109.98,,
2023-09-27 12:40 (CDT),,,16,Cycling,,17 min Entertainment Ride,,113,111,36%,86,16.15,4.56,159,101.82,,
2023-09-28 09:58 (CDT),,,22,Cycling,,22 min Just Ride,,150,111,36%,90,16.39,6.18,243,109.00,,
2023-09-29 10:02 (CDT),,,23,Running,,23 min Entertainment Run,,211,,,,2.38,1.17,217,20.01,3.21,25:12
2023-10-02 09:15 (CDT),,,19,Cycling,,19 min Entertainment Ride,,122,104,37%,84,15.98,5.21,211,111.75,,
2023-10-03 10:30 (CDT),,,18,Cycling,,18 min Entertainment Ride,,120,108,37%,86,16.25,5.05,202,109.90,,
2023-10-04 07:59 (CDT),,,21,Cycling,,22 min Entertainment Ride,,150,114,38%,83,16.56,6.05,226,106.78,,
2023-10-05 11:43 (CDT),,,12,Cycling,,12 min Entertainment Ride,,77,104,35%,88,15.57,3.21,152,100.82,,
2023-10-06 08:44 (CDT),,,21,Cycling,,21 min Entertainment Ride,,155,119,38%,85,16.79,6.11,253,116.62,,
2023-10-08 07:25 (CDT),,,33,Cycling,,33 min Entertainment Ride,,194,96,35%,84,15.26,8.53,402,117.89,,
2023-10-09 07:49 (CDT),,,37,Cycling,,37 min Entertainment Ride,,259,117,38%,86,16.72,10.31,420,112.43,,
2023-10-10 07:54 (CDT),,,31,Cycling,,31 min Entertainment Ride,,193,103,36%,84,15.87,8.29,305,102.65,,
2023-10-11 08:21 (CDT),,,17,Cycling,,17 min Entertainment Ride,,105,100,35%,86,15.30,4.49,152,100.31,,
2023-10-12 11:04 (CDT),,,24,Cycling,,24 min Entertainment Ride,,168,117,39%,81,16.67,6.67,263,112.37,,
2023-10-13 08:15 (CDT),,,27,Cycling,,28 min Entertainment Ride,,160,96,35%,85,15.19,7.05,303,112.89,,
2023-10-17 08:41 (CDT),,,19,Cycling,,20 min Entertainment Ride,,91,76,36%,71,14.10,4.67,177,98.55,,
2023-10-23 08:21 (CDT),,,16,Cycling,,16 min Entertainment Ride,,84,84,33%,80,14.22,3.95,158,102.60,,
2023-10-24 09:16 (CDT),,,9,Cycling,,9 min Entertainment Ride,,61,104,34%,82,15.27,2.48,88,94.85,,
2023-10-25 08:04 (CDT),,,25,Cycling,,26 min Entertainment Ride,,132,85,33%,84,14.78,6.36,253,100.91,,
2023-10-26 10:43 (CDT),,,23,Cycling,,23 min Entertainment Ride,,145,103,39%,74,15.82,6.18,206,101.53,,
2023-10-30 11:33 (CDT),,,21,Cycling,,22 min Entertainment Ride,,125,95,36%,82,15.50,5.64,224,106.92,,
2023-10-31 12:24 (CDT),,,23,Cycling,,23 min Entertainment Ride,,116,82,31%,88,14.11,5.53,242,104.31,,
2023-11-01 13:50 (CDT),,,15,Cycling,,15 min Entertainment Ride,,107,114,40%,79,16.36,4.27,143,52.46,,
2023-11-02 07:46 (CDT),,,27,Cycling,,27 min Entertainment Ride,,159,97,36%,81,15.19,6.97,278,102.46,,
2023-11-04 07:28 (CDT),,,48,Cycling,,48 min Entertainment Ride,,300,103,37%,83,15.78,12.80,569,115.13,,
2023-11-06 08:11 (CDT),,,19,Cycling,,19 min Entertainment Ride,,133,113,41%,77,16.58,5.43,112,105.13,,
2023-11-06 10:31 (CDT),,,31,Cycling,,31 min Entertainment Ride,,124,66,30%,63,11.63,6.06,110,91.70,,
2023-11-07 08:01 (-06),Live,Matt Wilpers,20,Walking,Walk + Run,20 min Walk + Run,2023-11-07 07:52 (-06),198,,,,3.79,1.24,248,86.03,,
2023-11-08 08:04 (CDT),,,26,Cycling,,26 min Entertainment Ride,,150,95,33%,85,14.78,6.46,158,104.85,,
2023-11-09 09:32 (CDT),,,19,Running,,19 min Entertainment Run,,179,,,,3.31,1.07,131,30.73,2.51,18:07
2023-11-10 10:41 (CDT),,,20,Cycling,,20 min Entertainment Ride,,138,112,40%,80,16.66,5.68,105,107.66,,
2023-11-13 08:22 (CDT),,,15,Running,,15 min Entertainment Run,,151,,,,3.53,0.89,106,134.66,3.11,17:00
2023-11-13 08:46 (CDT),,,10,Running,,10 min Entertainment Run,,92,,,,3.32,0.56,74,122.96,2.26,18:05
2023-11-14 08:29 (CDT),,,15,Running,,15 min Entertainment Run,,147,,,,3.45,0.88,82,109.82,2.59,17:22
2023-11-15 10:20 (CDT),,,15,Cycling,,15 min Entertainment Ride,,95,100,38%,74,15.15,4.01,71,103.13,,
2023-11-25 16:31 (CDT),,,19,Running,,20 min Entertainment Run,,183,,,,3.21,1.06,142,109.83,3.34,18:43
2023-11-26 08:00 (CDT),,,29,Cycling,,29 min Entertainment Ride,,147,84,33%,78,14.14,6.90,322,111.56,,
2023-11-27 11:13 (CDT),,,15,Cycling,,15 min Entertainment Ride,,94,102,39%,75,15.56,4.00,66,98.27,,
2023-11-28 07:29 (CDT),,,20,Cycling,,21 min Entertainment Ride,,124,99,37%,80,15.67,5.44,104,101.30,,
2023-11-30 07:41 (CDT),,,21,Cycling,,21 min Entertainment Ride,,117,92,35%,80,14.89,5.25,222,103.38,,
2023-12-01 10:03 (CDT),,,22,Cycling,,22 min Entertainment Ride,,143,105,39%,79,15.95,6.02,240,113.96,,
2023-12-04 10:02 (CDT),,,22,Cycling,,22 min Entertainment Ride,,138,104,41%,76,15.76,5.78,228,102.19,,
2023-12-05 07:22 (CDT),,,23,Cycling,,23 min Entertainment Ride,,132,92,36%,81,15.24,6.04,216,98.31,,
2023-12-08 08:00 (CDT),,,20,Cycling,,21 min Entertainment Ride,,122,98,38%,81,15.47,5.38,210,104.91,,
2023-12-09 15:36 (CDT),,,24,Cycling,,24 min Entertainment Ride,,115,79,35%,78,14.03,5.68,269,110.06,,
2023-12-10 09:41 (CDT),,,39,Cycling,,39 min Entertainment Ride,,200,85,32%,85,14.11,9.23,454,114.48,,
2023-12-11 08:05 (CDT),,,22,Cycling,,22 min Entertainment Ride,,136,101,37%,79,15.59,5.82,221,85.40,,
2023-12-12 07:56 (CDT),,,29,Cycling,,29 min Entertainment Ride,,159,90,34%,79,14.44,7.04,168,97.68,,
2023-12-13 12:53 (CDT),,,21,Cycling,,21 min Entertainment Ride,,138,107,39%,81,16.37,5.85,251,114.98,,
2023-12-14 09:27 (CDT),,,22,Cycling,,22 min Entertainment Ride,,140,104,36%,79,15.45,5.79,250,112.11,,
2023-12-17 07:14 (CDT),,,29,Cycling,,29 min Entertainment Ride,,171,97,36%,75,14.96,7.32,243,94.37,,
2023-12-18 08:09 (CDT),,,24,Cycling,,24 min Entertainment Ride,,146,101,37%,82,15.88,6.39,198,,,
2023-12-18 09:41 (CDT),,,19,Cycling,,20 min Entertainment Ride,,104,87,34%,85,14.96,4.95,241,117.23,,
2023-12-19 06:49 (CDT),,,11,Cycling,,11 min Entertainment Ride,,56,81,32%,77,14.07,2.72,119,103.78,,
2023-12-21 08:51 (CDT),,,26,Cycling,,26 min Entertainment Ride,,117,73,32%,82,13.75,6.08,159,,,
2023-12-21 11:53 (CDT),,,41,Cycling,,41 min Entertainment Ride,,168,68,29%,84,13.20,9.02,404,102.76,,
2023-12-22 08:26 (CDT),,,32,Cycling,,33 min Entertainment Ride,,179,91,35%,80,14.86,8.13,302,98.97,,
2023-12-23 09:05 (CDT),,,30,Cycling,,30 min Entertainment Ride,,185,101,37%,82,15.70,7.93,340,113.30,,
2023-12-25 08:48 (CDT),,,25,Cycling,,25 min Entertainment Ride,,148,96,35%,82,15.14,6.47,270,108.39,,
2023-12-26 07:31 (CDT),,,32,Cycling,,32 min Entertainment Ride,,192,99,36%,83,15.55,8.36,306,102.15,,
2023-12-27 08:46 (CDT),,,28,Cycling,,28 min Entertainment Ride,,162,95,36%,80,15.22,7.22,310,109.17,,
2023-12-28 09:35 (CDT),,,30,Cycling,,30 min Entertainment Ride,,169,92,36%,80,14.72,7.54,352,114.48,,
2023-12-29 08:20 (CDT),,,15,Cycling,,15 min Entertainment Ride,,94,102,37%,82,15.89,4.05,151,104.80,,
2023-12-29 08:38 (CDT),,,22,Running,,22 min Entertainment Run,,181,,,,2.84,1.07,240,108.17,2.68,21:08
2023-12-30 08:28 (CDT),,,23,Cycling,,23 min Entertainment Ride,,132,93,35%,84,15.18,6.00,251,108.00,,
2023-12-31 08:46 (CDT),,,41,Running,,41 min Entertainment Run,,357,,,,3.22,2.24,501,117.49,1.66,18:40
2024-01-01 08:51 (CDT),,,30,Running,,30 min Entertainment Run,,275,,,,3.43,1.73,388,123.44,1.72,17:29
2024-01-02 09:05 (CDT),,,24,Cycling,,24 min Entertainment Ride,,124,85,33%,80,14.37,5.79,225,100.27,,
2024-01-02 09:31 (CDT),,,12,Running,,12 min Entertainment Run,,95,,,,2.69,0.57,129,105.70,2.69,22:20
2024-01-04 09:36 (CDT),,,18,Running,,19 min Entertainment Run,,164,,,,3.20,1.01,228,94.61,2.07,18:44
2024-01-05 14:53 (CDT),,,23,Cycling,,23 min Entertainment Ride,,110,78,32%,83,13.93,5.41,259,112.27,,
2024-01-06 07:38 (CDT),,,17,Running,,17 min Entertainment Run,,158,,,,3.46,1.01,202,112.98,1.20,17:21
2024-01-08 09:39 (CDT),,,23,Running,,23 min Entertainment Run,,194,,,,2.98,1.17,250,95.17,2.38,20:07
2024-01-10 11:35 (CDT),,,20,Cycling,,20 min Entertainment Ride,,130,108,40%,80,16.17,5.42,205,105.21,,
2024-01-12 12:07 (CDT),,,17,Running,,17 min Entertainment Run,,181,,,,3.92,1.15,274,133.97,1.43,15:18
2024-01-15 10:00 (CDT),,,11,Running,,11 min Entertainment Run,,116,,,,4.07,0.75,117,106.45,1.04,14:44
2024-01-15 10:13 (CDT),,,0,Running,,Entertainment Run,,0,,,,0,0,0,,0,
2024-01-15 10:18 (-06),,,20,Walking,,20 min Lanebreak Walk,,196,,,,3.75,1.25,248,120.97,,
2024-01-15 10:39 (-06),,,5,Walking,,5 min Lanebreak Walk,,32,,,,2.49,0.21,36,,,
2024-01-16 08:23 (-06),On Demand,Sam Yo,15,Cycling,Climb,15 min Climb Ride,2023-08-02 00:25 (-06),129,144,46%,75,17.92,4.48,220,131.00,,
2024-01-16 08:38 (CDT),,,3,Cycling,,3 min Just Ride,,7,33,19%,77,9.32,0.55,44,118.00,,
2024-01-17 15:58 (CDT),,,22,Running,,22 min Entertainment Run,,189,,,,3.15,1.19,256,117.00,1.45,19:01
2024-01-18 09:21 (CDT),,,23,Cycling,,23 min Entertainment Ride,,132,93,36%,81,15.32,6.03,205,90.05,,
2024-01-19 09:20 (CDT),,,28,Running,,28 min Entertainment Run,,235,,,,3.04,1.42,308,118.49,2.13,19:43
2024-01-21 08:15 (CDT),,,46,Cycling,,46 min Entertainment Ride,,263,94,34%,86,15.30,11.85,477,106.54,,
2024-01-22 08:23 (CDT),,,14,Running,,15 min Entertainment Run,,153,,,,3.59,0.90,207,124.91,3.31,16:43
2024-01-23 11:18 (CDT),,,16,Running,,16 min Entertainment Run,,174,,,,3.85,1.06,230,136.19,2.33,15:35
2024-01-26 10:54 (CDT),,,25,Cycling,,25 min Entertainment Ride,,136,89,32%,82,14.51,6.16,262,105.87,,
2024-01-29 09:51 (CDT),,,20,Running,,20 min Entertainment Run,,191,,,,3.36,1.15,249,127.37,2.43,17:53
2024-02-01 10:42 (-06),,,5,Cycling,,5 min Lanebreak Ride,,23,75,33%,80,14.00,1.18,34,92.00,,
2024-02-01 10:48 (CDT),,,20,Cycling,,20 min Entertainment Ride,,111,92,35%,82,15.12,5.10,208,105.91,,
2024-02-02 06:03 (CDT),,,22,Running,,22 min Entertainment Run,,204,,,,3.37,1.24,242,24.91,2.24,17:47
2024-02-03 06:42 (CDT),,,30,Cycling,,30 min Entertainment Ride,,167,91,34%,80,14.28,7.25,328,108.77,,
2024-02-04 06:10 (CDT),,,33,Running,,33 min Entertainment Run,,310,,,,3.61,2.01,417,122.80,0.90,16:37
2024-02-05 05:35 (CDT),,,29,Cycling,,30 min Entertainment Ride,,150,84,35%,79,14.75,7.35,204,,,
2024-02-05 07:38 (CDT),,,30,Running,,30 min Entertainment Run,,257,,,,2.98,1.52,374,116.75,2.85,20:07
2024-02-06 06:53 (CDT),,,7,Running,,7 min Entertainment Run,,56,,,,2.87,0.33,64,,2.82,20:55
2024-02-06 07:38 (CDT),,,21,Running,,22 min Entertainment Run,,213,,,,3.59,1.31,266,123.59,2.09,16:42
2024-02-07 08:55 (CDT),,,24,Cycling,,24 min Just Ride,,155,105,36%,83,15.86,6.55,277,111.00,,
2024-02-09 10:29 (CDT),,,27,Running,,27 min Entertainment Run,,190,,,,2.62,1.18,320,116.04,1.61,22:52
2024-02-10 07:16 (-06),On Demand,Jess King,10,Walking,Warm Up,10 min Warm Up Walk,2023-12-14 09:00 (-06),95,,,,3.41,0.56,108,,,
2024-02-10 07:31 (CDT),,,10,Cycling,,10 min Entertainment Ride,,46,74,29%,84,13.57,2.34,90,101.25,,
2024-02-12 06:16 (CDT),,,20,Running,,20 min Entertainment Run,,191,,,,3.29,1.12,241,111.21,2.90,18:14
2024-02-13 08:11 (CDT),,,17,Cycling,,18 min Entertainment Ride,,103,96,34%,81,15.37,4.54,139,,,
2024-02-14 12:55 (CDT),,,23,Running,,23 min Entertainment Run,,203,,,,3.07,1.18,230,,3.13,19:34
2024-02-15 08:09 (CDT),,,59,Cycling,,59 min Entertainment Ride,,166,103,35%,86,16.14,7.17,271,94.36,,
2024-02-16 10:09 (CDT),,,20,Running,,20 min Entertainment Run,,182,,,,3.00,1.04,199,86.90,3.81,20:01
2024-03-01 10:27 (-06),On Demand,Bradley Rose,10,Cycling,Music,Extra 10: Listening Party Ride,2024-03-01 09:00 (-06),0,0,0%,0,0,0,0,,,
2024-03-01 10:32 (CDT),,,31,Cycling,,31 min Entertainment Ride,,169,90,33%,87,14.88,7.72,331,105.97,,
2024-03-03 08:14 (CDT),,,20,Cycling,,21 min Entertainment Ride,,119,96,33%,89,15.34,5.31,228,117.24,,
2024-03-04 07:37 (CDT),,,20,Cycling,,20 min Entertainment Ride,,95,77,31%,82,13.41,4.56,187,100.67,,
2024-03-05 13:18 (CDT),,,20,Running,,20 min Entertainment Run,,164,,,,2.90,0.99,182,96.58,2.14,20:42
2024-03-07 09:09 (CDT),,,3,Running,,3 min Just Run,,32,,,,3.82,0.22,35,110.28,0,15:42
2024-03-08 07:57 (-06),On Demand,,15,Running,Scenic Ride,15 min Alaska Exit Glacier Run,,145,,,,3.55,0.89,193,130.92,2.36,16:53
2024-03-11 14:41 (CDT),,,17,Running,,18 min Entertainment Run,,184,,,,3.91,1.17,264,140.24,1.44,15:22
2024-03-15 08:09 (CDT),,,31,Cycling,,31 min Entertainment Ride,,177,95,37%,77,15.44,7.98,327,107.97,,
2024-03-21 11:06 (CDT),,,21,Cycling,,21 min Entertainment Ride,,98,78,32%,82,14.03,4.89,207,104.34,,
2024-03-22 11:54 (CDT),,,21,Cycling,,22 min Entertainment Ride,,125,95,36%,79,15.09,5.49,250,117.95,,
2024-03-25 10:33 (CDT),,,22,Running,,22 min Entertainment Run,,184,,,,2.98,1.10,250,114.10,2.38,20:09
2024-03-26 11:08 (CDT),,,27,Cycling,,27 min Entertainment Ride,,146,89,35%,75,14.22,6.50,303,111.95,,
2024-03-28 11:42 (CDT),,,18,Running,,18 min Entertainment Run,,172,,,,3.25,1.01,205,119.87,3.03,18:28
2024-04-01 10:49 (CDT),,,25,Cycling,,26 min Entertainment Ride,,149,96,35%,81,15.05,6.48,259,104.41,,
2024-04-02 08:00 (CDT),,,23,Running,,23 min Entertainment Run,,193,,,,2.77,1.09,281,117.39,4.09,21:41
2024-04-10 08:40 (CDT),,,15,Cycling,,15 min Entertainment Ride,,66,70,21%,81,12.35,3.21,152,105.00,,
2024-04-12 12:39 (CDT),,,30,Running,,30 min Entertainment Run,,238,,,,2.68,1.34,288,101.75,3.97,22:26
2024-04-14 10:28 (CDT),,,29,Cycling,,29 min Entertainment Ride,,140,79,32%,75,13.67,6.69,210,91.19,,
2024-04-15 07:52 (CDT),,,25,Cycling,,25 min Entertainment Ride,,143,96,37%,78,15.32,6.36,208,96.13,,
2024-04-16 11:35 (-05),On Demand,,None,Running,Scenic Ride,1 mile Whitney Portal Run,,160,,,,3.69,1.00,203,64.80,1.74,16:14
2024-04-17 11:31 (CDT),,,4,Cycling,,4 min Entertainment Ride,,24,85,38%,76,14.96,1.18,61,102.74,,
2024-04-17 11:38 (-05),On Demand,Emma Lovewell,20,Cycling,Music,20 min EDM Ride,2024-04-11 10:55 (-05),155,129,44%,77,17.60,5.87,243,101.44,,
2024-04-18 11:19 (-05),On Demand,,None,Running,Scenic Ride,1 M Tenerife Rambla de Castro Run,,169,,,,3.51,1.00,204,128.02,3.11,17:07
2024-04-18 11:37 (-05),On Demand,,5,Running,Scenic Ride,5 min Bofa Beach Run,,33,,,,2.67,0.22,56,112.19,0,22:26
2024-04-21 07:12 (CDT),,,10,Cycling,,10 min Entertainment Ride,,69,112,38%,80,16.24,2.78,94,101.96,,
2024-04-21 07:24 (-05),On Demand,Hannah Corbin,20,Cycling,Low Impact,20 min Low Impact Ride,2024-04-19 14:30 (-05),142,119,43%,75,17.26,5.75,223,110.00,,
2024-04-22 08:14 (CDT),,,21,Cycling,,21 min Entertainment Ride,,114,89,34%,80,14.48,5.17,217,109.90,,
2024-04-23 13:11 (CDT),,,21,Running,,21 min Entertainment Run,,205,,,,3.69,1.30,290,127.19,1.52,16:16
2024-04-25 08:03 (CDT),,,25,Cycling,,25 min Entertainment Ride,,140,91,37%,76,15.02,6.42,235,102.94,,
2024-04-29 10:47 (CDT),,,20,Running,,20 min Entertainment Run,,202,,,,3.81,1.28,262,125.12,1.58,15:46
2024-04-30 11:48 (CDT),,,26,Cycling,,26 min Entertainment Ride,,145,92,34%,75,14.53,6.36,241,85.34,,
2024-05-01 12:44 (CDT),,,20,Running,,20 min Entertainment Run,,206,,,,3.81,1.30,283,132.78,1.67,15:45
2024-05-03 11:59 (CDT),,,17,Cycling,,17 min Entertainment Ride,,118,111,38%,80,16.29,4.81,183,110.97,,
2024-05-03 12:20 (-05),On Demand,,None,Cycling,Scenic Ride,5 KM Alaska Girdwood Ride,,37,81,31%,78,13.29,1.68,83,63.66,,
2024-05-06 08:58 (CDT),,,21,Running,,21 min Entertainment Run,,210,,,,3.92,1.39,287,108.94,0.56,15:18
2024-05-07 11:00 (CDT),,,24,Cycling,,25 min Entertainment Ride,,119,79,30%,77,13.49,5.60,202,94.72,,
2024-05-09 11:29 (CDT),,,24,Running,,24 min Entertainment Run,,209,,,,3.22,1.30,239,61.05,1.76,18:37
2024-05-10 12:22 (CDT),,,31,Cycling,,31 min Entertainment Ride,,211,113,38%,81,16.29,8.46,338,109.56,,
2024-05-13 10:03 (CDT),,,35,Cycling,,35 min Entertainment Ride,,203,96,33%,79,14.91,8.79,354,104.60,,
2024-05-14 14:25 (CDT),,,22,Running,,22 min Entertainment Run,,178,,,,2.70,1.00,246,68.98,3.73,22:13
2024-05-16 10:58 (CDT),,,11,Cycling,,11 min Entertainment Ride,,67,99,35%,80,15.56,2.95,104,99.20,,
2024-05-20 04:55 (CDT),,,21,Cycling,,21 min Entertainment Ride,,84,65,30%,79,12.72,4.59,114,,,
2024-05-21 05:39 (CDT),,,24,Cycling,,25 min Entertainment Ride,,134,89,34%,79,14.57,6.05,223,98.67,,
2024-05-22 06:03 (CDT),,,20,Running,,20 min Entertainment Run,,167,,,,3.07,1.04,179,92.26,1.76,19:32
2024-05-24 12:37 (CDT),,,26,Cycling,,26 min Entertainment Ride,,152,96,35%,81,15.12,6.65,238,98.33,,
2024-05-26 10:30 (-05),On Demand,,10,Cycling,Scenic Ride,10 min Waterford Greenway Ride,,87,145,48%,71,18.02,3.00,120,109.58,,
2024-05-28 07:33 (-05),On Demand,,30,Running,Scenic Ride,30 min Chicago Run,,310,,,,3.69,1.84,424,128.43,2.83,16:16
2024-05-31 11:00 (CDT),,,7,Running,,7 min Entertainment Run,,61,,,,2.93,0.35,81,118.30,3.35,20:28
2024-05-31 11:09 (CDT),,,5,Running,,5 min Entertainment Run,,48,,,,3.12,0.27,54,,3.99,19:15
2024-06-03 05:50 (-05),Live,Alex Toussaint,20,Cycling,Music,20 min 2000s Ride,2024-05-24 05:56 (-05),114,95,36%,82,15.58,5.19,245,117.54,,
2024-06-04 09:36 (CDT),,,11,Cycling,,11 min Entertainment Ride,,60,86,33%,83,14.64,2.82,116,110.41,,
2024-06-11 05:17 (CDT),,,32,Cycling,,32 min Entertainment Ride,,137,72,31%,78,13.42,7.15,241,91.98,,
2024-06-13 11:56 (CDT),,,20,Cycling,,20 min Entertainment Ride,,112,90,35%,76,14.91,5.15,165,92.72,,
2024-06-14 09:49 (CDT),,,15,Cycling,,15 min Entertainment Ride,,94,101,37%,78,15.74,4.07,143,85.43,,
2024-06-18 11:27 (CDT),,,5,Cycling,,5 min Entertainment Ride,,0,0,0%,0,0.00,0,0,,,
2024-06-18 11:33 (CDT),,,22,Cycling,,22 min Entertainment Ride,,102,77,32%,79,13.92,5.11,163,93.30,,
2024-06-21 11:29 (CDT),,,22,Cycling,,22 min Entertainment Ride,,130,98,34%,83,15.21,5.61,221,107.43,,
2024-06-23 07:39 (CDT),,,26,Cycling,,26 min Entertainment Ride,,107,68,27%,82,12.61,5.55,235,99.18,,
2024-06-24 12:14 (CDT),,,3,Cycling,,3 min Entertainment Ride,,16,73,31%,79,12.93,0.78,21,,,
2024-06-24 12:19 (CDT),,,20,Cycling,,20 min Entertainment Ride,,91,75,31%,85,13.83,4.69,207,104.17,,
2024-07-02 10:57 (CDT),,,21,Cycling,,21 min Entertainment Ride,,106,84,33%,83,14.51,5.07,205,101.53,,
2024-07-03 11:15 (CDT),,,13,Cycling,,13 min Entertainment Ride,,76,93,34%,86,15.18,3.42,144,108.76,,
2024-07-12 17:15 (-04),On Demand,Cody Rigsby,15,Cycling,Music,15 min Pop Ride,2024-07-09 19:35 (-04),0,0,0%,0,0,0,0,142.12,,
2024-07-12 17:19 (-04),On Demand,Hannah Frankson,15,Cycling,Music,15 min Pop Ride,2024-07-12 03:05 (-04),0,0,0%,0,0,0,0,133.22,,
2024-07-16 10:50 (-05),On Demand,,None,Cycling,Scenic Ride,10 KM Alaska Hatcher Pass Ride,,136,91,33%,89,14.92,6.21,275,110.00,,
2024-07-18 07:45 (CDT),,,0,Cycling,,Just Ride,,0,1,9%,5,0.46,0.00,0,,,
2024-07-18 07:46 (CDT),,,20,Cycling,,20 min Just Ride,,150,125,39%,85,17.22,5.74,227,108.33,,
2024-07-19 11:36 (-05),On Demand,,20,Cycling,Scenic Ride,20 min Andalusia Ride,,127,106,34%,84,15.42,5.14,243,116.03,,
2024-07-20 08:35 (-05),On Demand,,20,Cycling,Scenic Ride,20 min Geneva Old Town Ride,,143,119,40%,83,16.82,5.60,266,125.72,,
2024-07-21 08:56 (-05),On Demand,,20,Cycling,Scenic Ride,20 min Valencia Ride,,150,125,41%,81,17.14,5.71,285,132.01,,
2024-07-22 14:44 (-05),On Demand,,30,Cycling,Scenic Ride,30 min Llandudno Conwy Ride,,133,74,33%,78,13.92,6.96,252,95.18,,
2024-07-24 17:13 (-05),On Demand,,20,Cycling,Scenic Ride,20 min Veluwe National Park Ride,,102,85,35%,78,14.57,4.85,182,100.87,,
2024-07-25 06:30 (-05),On Demand,,30,Cycling,Scenic Ride,30 min Alaska Girdwood Ride,,176,98,34%,84,15.14,7.56,306,105.17,,
2024-07-26 07:30 (-05),On Demand,,15,Cycling,Scenic Ride,15 min Seward Alaska Ride,,89,99,35%,84,15.60,3.89,152,104.31,,
2024-07-29 06:47 (-05),On Demand,,15,Cycling,Scenic Ride,15 min Torres del Paine Ride,,78,87,34%,82,14.97,3.74,129,92.42,,
2024-07-31 07:23 (-05),On Demand,,20,Running,Scenic Ride,20 min Nalcas National Reserve Run,,178,,,,3.44,1.14,223,106.94,1.09,17:28
2024-08-01 04:57 (CDT),,,15,Cycling,,15 min Just Ride,,87,94,35%,83,15.32,3.92,143,98.24,,
2024-08-02 07:37 (-05),On Demand,,20,Running,Scenic Ride,20 min Lamu Takwa Ruins Run,,192,,,,3.56,1.18,230,118.05,1.88,16:52
2024-08-03 07:58 (-05),On Demand,,30,Cycling,Scenic Ride,30 min Rogaland Rldalsvegen Ride,,185,103,37%,84,15.86,7.92,340,111.87,,
2024-08-05 13:02 (-05),On Demand,,30,Cycling,Scenic Ride,30 min Lepetani Ride,,155,87,34%,85,14.96,7.42,213,93.73,,
2024-08-06 12:51 (-05),On Demand,,30,Cycling,Scenic Ride,30 min Haines Highway Ride,,205,114,37%,85,16.50,8.25,338,111.40,,
2024-08-08 08:28 (-05),On Demand,,20,Running,Scenic Ride,20 min Adelaide Run,,203,,,,3.74,1.24,281,45.04,1.98,16:02
2024-08-12 11:35 (CDT),,,15,Cycling,,15 min Entertainment Ride,,84,91,37%,79,15.25,3.93,173,104.71,,
2024-08-16 10:49 (CDT),,,21,Cycling,,21 min Entertainment Ride,,125,97,36%,80,15.51,5.53,181,92.14,,
2024-08-17 07:18 (CDT),,,54,Cycling,,54 min Entertainment Ride,,149,103,36%,84,15.84,6.36,273,111.83,,
2024-08-21 11:27 (-05),On Demand,,30,Cycling,Scenic Ride,30 min Maine Peaks Island Ride,,201,112,37%,86,16.56,8.27,366,118.69,,
2024-08-22 08:16 (-05),On Demand,,30,Running,Scenic Ride,30 min Reno Peavine Trailhead Run,,275,,,,3.45,1.72,419,129.57,1.46,17:22
2024-08-23 07:51 (-05),On Demand,,30,Cycling,Scenic Ride,30 min Oahu Kaneohe Ride,,189,105,37%,83,16.04,8.02,358,114.86,,
2024-08-26 06:04 (-05),On Demand,,20,Cycling,Scenic Ride,20 min English Bay Seawall Ride,,129,108,35%,88,16.18,5.39,237,116.47,,
2024-08-27 05:11 (-05),On Demand,,30,Cycling,Scenic Ride,30 min Antelope Park Ride,,191,106,37%,82,16.29,8.16,319,108.01,,
2024-08-28 06:04 (-05),On Demand,,30,Cycling,Scenic Ride,30 min Great Barrier Island Ride,,158,88,33%,81,14.52,7.26,357,115.93,,
2024-08-29 07:09 (-05),On Demand,,30,Cycling,Scenic Ride,30 min Brisbane Ride,,186,103,35%,90,15.97,7.98,368,120.64,,
2024-08-30 06:34 (CDT),,,27,Cycling,,28 min Just Ride,,163,97,36%,84,15.70,7.32,337,117.19,,
2024-08-31 06:35 (-05),On Demand,,30,Running,Scenic Ride,30 min Valletta Run,,265,,,,3.21,1.60,359,117.88,2.32,18:41
2024-09-02 06:15 (-05),On Demand,,30,Cycling,Scenic Ride,30 min Isafjordur Ride,,189,105,37%,83,16.01,8.00,324,110.64,,
2024-09-02 06:49 (-05),On Demand,,15,Running,Scenic Ride,15 min Alfama Run,,127,,,,2.93,0.73,179,116.74,3.30,20:29
2024-09-03 07:09 (-05),On Demand,,20,Running,Scenic Ride,20 min Berkeley Run,,189,,,,3.62,1.20,200,26.03,1.22,16:34
2024-09-03 07:32 (-05),On Demand,,5,Cycling,Scenic Ride,5 min Bay of Kotor Ride,,13,45,23%,89,11.38,0.95,41,101.17,,
2024-09-04 07:40 (-05),On Demand,,20,Cycling,Scenic Ride,20 min Bernese Oberland Ride,,140,117,38%,85,16.94,5.64,239,116.97,,
2024-09-04 08:06 (CDT),,,12,Running,,12 min Just Run,,148,,,,4.71,1.00,209,144.64,0,12:44
2024-09-05 06:38 (-05),On Demand,,20,Cycling,Scenic Ride,20 min Tony Knowles Coastal Trail Ride,,102,85,33%,84,14.51,4.83,203,106.08,,
2024-09-06 08:36 (-05),On Demand,,15,Cycling,Scenic Ride,15 min Sarajevo Ride,,100,111,38%,85,16.47,4.11,164,109.76,,
2024-09-09 10:31 (-05),On Demand,,30,Cycling,Scenic Ride,30 min Dalmatian Coast Ride,,146,81,35%,80,14.44,7.22,351,114.43,,
2024-09-10 12:06 (-05),On Demand,,30,Cycling,Scenic Ride,30 min Dalmatian Coast Ride,,145,80,34%,83,14.27,7.13,328,109.84,,
2024-09-12 11:26 (-05),On Demand,Hannah Frankson,30,Cycling,Scenic Ride,30 min London Ride,,102,111,38%,86,16.61,4.23,182,112.78,,
2024-09-13 11:16 (-05),On Demand,,15,Cycling,Scenic Ride,15 min Fuorn Pass Ride,,96,107,39%,80,16.24,4.06,148,104.85,,
2024-09-14 07:41 (-05),On Demand,,30,Cycling,Scenic Ride,30 min Gaia Seafront Ride,,159,89,34%,85,14.93,7.46,316,107.23,,
2024-09-16 11:48 (-05),On Demand,,15,Cycling,Scenic Ride,15 min Cotonou to Porto Novo Ride,,91,101,37%,82,15.61,3.90,149,106.42,,
2024-09-17 10:57 (-05),On Demand,,20,Cycling,Scenic Ride,20 min Natural Reserve Moeze-Oleron Ride,,128,107,38%,81,16.13,5.37,211,105.73,,
2024-09-18 15:20 (-05),On Demand,,20,Cycling,Scenic Ride,20 min Hasselt Bokrijk Ride,,106,88,34%,83,15.11,5.03,186,109.85,,
2024-09-20 12:02 (-05),On Demand,,30,Cycling,Scenic Ride,30 min Montenegro Ride,,155,86,32%,83,13.93,6.96,332,110.93,,
2024-09-21 10:32 (-05),On Demand,,30,Cycling,Scenic Ride,30 min Chaiten Ride,,152,85,34%,81,14.23,7.11,329,107.53,,
2024-09-23 11:29 (-05),On Demand,,20,Running,Scenic Ride,20 min Chora Run,,181,,,,3.43,1.14,226,110.91,1.53,17:30
2024-09-25 09:40 (-05),On Demand,,30,Cycling,Scenic Ride,30 min Porto to Matosinhos Ride,,176,98,36%,85,15.59,7.79,365,117.14,,
2024-09-26 09:48 (-05),On Demand,,20,Running,Scenic Ride,20 min Kpalime Run,,175,,,,3.41,1.13,228,112.69,0.90,17:36
2024-09-27 10:19 (-05),On Demand,,15,Running,Scenic Ride,15 min Saint Anthony Falls Run,,120,,,,2.84,0.71,185,83.35,2.89,21:06
2024-10-07 09:51 (-05),On Demand,,20,Cycling,Scenic Ride,20 min Osnabruck Ride,,132,110,39%,81,16.50,5.50,208,106.71,,
2024-10-08 12:00 (-05),On Demand,,20,Running,Scenic Ride,20 min Kpalime Run,,160,,,,2.98,0.99,227,117.81,1.84,20:08
2024-10-10 10:33 (-05),On Demand,,20,Cycling,Scenic Ride,20 min Portage Valley Ride,,113,94,34%,88,15.49,5.16,238,111.55,,
2024-10-14 08:49 (-05),On Demand,,30,Cycling,Scenic Ride,30 min Santiago Chile Ride,,173,96,36%,82,15.60,7.80,327,109.50,,
2024-10-15 12:05 (-05),On Demand,,20,Running,Scenic Ride,20 min Yosemite Clouds Rest Run,,169,,,,3.09,1.03,233,116.10,2.18,19:25
2024-10-18 12:32 (-05),On Demand,Bradley Rose,20,Cycling,Scenic Ride,20 min Utah Ride,,121,101,39%,79,16.09,5.36,227,112.50,,
2024-10-20 10:06 (-05),On Demand,,30,Cycling,Scenic Ride,30 min Gilman Tunnels Ride,,211,117,40%,79,16.81,8.40,386,122.99,,
2024-10-21 12:35 (-05),On Demand,,20,Running,Scenic Ride,20 min Kpalime Run,,184,,,,3.58,1.19,302,133.40,0.99,16:46
2024-10-25 05:33 (-05),On Demand,,30,Cycling,Scenic Ride,30 min Grunewald Forest Ride,,158,88,34%,85,14.92,7.46,328,112.27,,
2024-10-26 06:44 (-05),On Demand,,30,Running,Scenic Ride,30 min Grey Mountain Run,,268,,,,3.39,1.69,364,117.02,1.47,17:42
2024-10-29 06:31 (-05),On Demand,,20,Cycling,Scenic Ride,20 min Monterey Bay Ride,,123,102,37%,82,15.81,5.27,223,111.74,,
2024-10-30 07:55 (-05),On Demand,,15,Running,Scenic Ride,15 min Vestland Preikestolen Run,,130,,,,3.21,0.80,172,113.73,1.98,18:42
2024-11-01 12:50 (-05),On Demand,,20,Cycling,Scenic Ride,20 min Puerto Rico El Yunque Forest Ride,,99,82,35%,79,14.77,4.92,174,97.85,,
2024-11-09 08:45 (+01),On Demand,,20,Cycling,Scenic Ride,20 min Bay of Kotor Ride,,103,86,35%,75,14.38,4.79,256,123.80,,
2024-11-12 02:31 (-05),On Demand,,20,Cycling,Scenic Ride,20 min Sun Moon Lake Ride,,102,85,34%,82,14.78,4.92,231,116.95,,
2024-11-17 14:32 (+01),On Demand,,20,Cycling,Scenic Ride,20 min Northern Rockies Ride,,112,93,38%,76,15.46,5.15,227,112.21,,
2024-11-19 12:36 (+01),On Demand,,15,Cycling,Scenic Ride,15 min Bernina Pass Ride,,68,76,36%,72,14.22,3.55,159,108.08,,
2024-11-25 06:24 (-06),On Demand,,20,Cycling,Scenic Ride,20 min Wellington South Coast Ride,,118,98,36%,82,15.52,5.17,185,99.07,,
2024-11-26 11:38 (-06),On Demand,,20,Cycling,Scenic Ride,20 min Vila do Bispo Ride,,143,119,38%,85,16.90,5.63,227,112.03,,
2024-11-27 08:09 (-06),On Demand,,20,Cycling,Scenic Ride,20 min Douro River Ride,,142,119,38%,82,16.89,5.62,262,122.39,,
2024-11-29 09:57 (-06),On Demand,,30,Cycling,Scenic Ride,30 min Buenavista del Norte Baracan Ride,,188,105,38%,82,16.09,8.04,307,105.88,,
2024-12-02 11:06 (-06),On Demand,,30,Cycling,Scenic Ride,30 min Prilep Ride,,183,102,36%,83,15.82,7.91,377,121.15,,
2024-12-03 14:57 (-06),On Demand,,20,Cycling,Scenic Ride,20 min Sarajevo Ride,,118,98,36%,82,15.59,5.19,200,94.12,,
2024-12-04 10:19 (-06),On Demand,,20,Cycling,Scenic Ride,20 min Bay of Kotor Ride,,119,99,34%,87,15.44,5.15,273,126.83,,
2024-12-06 13:12 (-06),On Demand,,5,Running,Scenic Ride,5 min Wakayama Beach Run,,44,,,,3.39,0.28,52,108.58,0.99,17:41
2024-12-06 13:17 (CDT),,,14,Running,,14 min Just Run,,156,,,,4.15,1.00,245,148.14,1.00,14:28
2024-12-07 10:47 (-06),On Demand,,20,Cycling,Scenic Ride,20 min Adelaide Ride,,147,122,40%,82,17.26,5.75,274,128.83,,
2024-12-09 10:48 (-06),On Demand,,20,Cycling,Scenic Ride,20 min Provence Ride,,113,94,34%,83,15.31,5.10,219,110.99,,
2024-12-10 09:00 (-06),On Demand,,20,Cycling,Scenic Ride,20 min Italian Alps Ride,,153,128,38%,87,17.36,5.78,256,122.40,,
2024-12-12 10:45 (-06),On Demand,,20,Running,Scenic Ride,20 min Old Coach Trail Run,,154,,,,2.84,0.94,240,123.45,1.97,21:10
2024-12-16 12:11 (-06),On Demand,,15,Cycling,Scenic Ride,15 min Lake Albano Ride,,101,112,37%,85,16.45,4.11,165,110.56,,
2024-12-17 12:42 (-06),On Demand,,20,Running,Scenic Ride,20 min Alabama Hills Run,,177,,,,3.38,1.13,242,117.59,1.37,17:46
2024-12-22 06:50 (-06),On Demand,,20,Cycling,Scenic Ride,20 min Goafoss Waterfall Ride,,144,120,38%,87,17.19,5.72,214,109.16,,
2024-12-31 11:37 (-06),On Demand,,20,Cycling,Scenic Ride,20 min Lavaux Vineyards Ride,,130,109,37%,85,16.43,5.47,218,111.93,,
2025-01-03 10:03 (-06),On Demand,,30,Cycling,Scenic Ride,30 min Ninh Binh Ride,,183,102,35%,87,16.00,8.00,384,122.98,,
2025-01-06 11:39 (-06),On Demand,,20,Cycling,Scenic Ride,20 min Olympic Valley Ride,,127,106,37%,85,16.26,5.42,219,110.96,,
2025-01-08 08:44 (-06),On Demand,,30,Cycling,Scenic Ride,30 min Joshua Tree Ride,,188,105,36%,86,15.98,7.99,445,135.15,,
2025-01-11 14:34 (-06),On Demand,,30,Cycling,Scenic Ride,30 min Ninh Binh Ride,,192,107,42%,73,16.44,8.21,397,124.83,,
2025-01-15 11:59 (-06),On Demand,,10,Running,Scenic Ride,10 min Popenguine Beach Run,,81,,,,3.18,0.52,92,,0.82,18:53
2025-01-17 06:47 (-06),On Demand,,10,Running,Scenic Ride,10 min Kokrobite Beach Run,,101,,,,3.80,0.63,136,125.68,1.38,15:48
2025-01-17 13:37 (-06),On Demand,,20,Cycling,Scenic Ride,20 min Avignon Ride,,132,110,39%,81,16.30,5.43,280,129.94,,
2025-01-18 15:27 (-06),On Demand,,20,Cycling,Scenic Ride,20 min Puerto Rico Coastal Ride,,130,108,37%,81,16.19,5.40,210,105.34,,
2025-01-20 08:03 (-06),On Demand,Leanne Hainsby-Alldis,20,Cycling,Low Impact,20 min Low Impact Ride,2024-07-17 12:00 (-06),163,136,42%,82,17.95,5.98,277,128.07,,
2025-01-27 09:05 (-06),On Demand,,20,Running,Scenic Ride,20 min Thingvellir National Park Run,,174,,,,3.25,1.08,309,139.27,1.66,18:28
2025-02-02 08:59 (-06),On Demand,Alex Toussaint,20,Cycling,Intervals,20 min HIIT & Hills Ride,2025-01-25 13:27 (-06),0,0,0%,0,0,0,0,,,
2025-02-02 09:00 (-06),Live,Matt Wilpers,60,Cycling,Power Zone,60 min Power Zone Endurance Ride,2025-02-01 06:56 (-06),452,126,38%,92,17.59,17.59,990,144.77,,
2025-02-04 08:41 (-06),On Demand,Matt Wilpers,20,Running,Beginner,20 min Intro to Pace Targets,2024-06-05 08:00 (-06),175,,,,3.38,1.13,239,115.67,0.95,17:44
2025-02-07 09:53 (-06),,,10,Cycling,,10 min Lanebreak Ride,,39,64,30%,85,13.17,2.21,73,111.97,,
2025-02-09 09:19 (-06),On Demand,Denis Morton,30,Cycling,Power Zone,30 min Power Zone Max Ride,2025-01-21 19:25 (-06),198,110,36%,87,16.15,8.07,448,134.51,,
2025-02-10 05:27 (-06),On Demand,Hannah Frankson,20,Cycling,Power Zone,20 min FTP Test Ride,2025-01-14 23:00 (-06),191,159,44%,86,19.33,6.45,312,139.20,,
2025-02-10 05:49 (-06),On Demand,Hannah Frankson,5,Cycling,Cool Down,5 min Cool Down Ride,2022-07-16 01:30 (-06),16,55,27%,88,12.42,1.03,59,119.47,,
2025-02-11 09:08 (-06),On Demand,Olivia Amato,45,Cycling,Power Zone,45 min Power Zone Pop Ride,2025-01-12 06:55 (-06),340,126,38%,90,17.48,13.11,677,135.50,,
2025-02-11 09:54 (-06),On Demand,Olivia Amato,5,Cycling,Cool Down,5 min Cool Down Ride,2024-09-17 22:00 (-06),22,74,34%,79,14.07,1.17,61,127.96,,
2025-02-12 09:27 (-06),On Demand,Robin Arzon,15,Running,Beginner,15 min Beginner Run,2024-10-29 22:00 (-06),134,,,,3.45,0.86,176,100.69,1.00,17:24
2025-02-13 09:22 (-06),On Demand,Matt Wilpers,30,Cycling,Power Zone,30 min Power Zone Endurance Pop Ride,2025-02-04 05:27 (-06),193,107,40%,78,16.59,8.30,354,124.36,,
2025-02-14 11:17 (-06),On Demand,Hannah Frankson,30,Running,Endurance,30 min Endurance Run,2025-02-08 07:54 (-06),316,,,,4.00,2.00,499,147.30,1.26,15:00
2025-02-14 11:48 (-06),On Demand,Kirsten Ferguson,5,Walking,Cool Down,5 min Cool Down Walk,2023-05-04 08:00 (-06),38,,,,2.99,0.25,61,121.04,,
2025-02-17 09:48 (-06),On Demand,Matt Wilpers,75,Cycling,Power Zone,75 min Power Zone Endurance Ride,2024-12-14 05:55 (-06),494,110,37%,88,16.78,20.97,979,122.94,,
2025-02-18 11:50 (-06),,,10,Running,,10 min Lanebreak Run,,100,,,,3.77,0.63,125,130.35,1.28,15:56
2025-02-18 12:04 (CDT),,,5,Running,,5 min Just Run,,64,,,,5.03,0.41,78,138.29,0.89,11:55
2025-02-20 10:38 (-06),On Demand,Sam Yo,20,Cycling,Power Zone,20 min Power Zone Max Ride,2023-06-07 01:14 (-06),144,120,35%,94,16.85,5.62,237,123.38,,
2025-02-21 13:37 (-06),On Demand,Ben Alldis,30,Cycling,Power Zone,30 min Power Zone Endurance Pop Ride,2025-01-07 23:00 (-06),213,119,39%,84,17.21,8.61,361,117.31,,
2025-02-21 14:08 (-06),On Demand,,5,Cycling,Scenic Ride,5 min Puyuhuapi Ride,,9,29,17%,88,9.05,0.75,44,97.01,,
2025-02-23 06:59 (-06),On Demand,Matt Wilpers,75,Cycling,Power Zone,75 min Power Zone Endurance Ride,2021-10-16 05:23 (-06),581,116,40%,85,17.22,22.26,1114,137.53,,
2025-02-25 05:31 (-06),On Demand,Emma Lovewell,20,Cycling,Intervals,20 min Intervals Ride,2025-02-23 06:54 (-06),161,134,38%,90,17.50,5.83,267,124.67,,
2025-02-28 06:37 (-06),On Demand,Susie Chan,20,Walking,Walk + Run,20 min Walk + Run,2025-02-11 13:25 (-06),210,,,,4.05,1.35,278,127.94,,
2025-03-01 07:07 (-06),On Demand,Emma Lovewell,20,Cycling,Intervals,20 min Intervals Ride,2025-01-26 15:23 (-06),185,154,40%,92,18.67,6.22,305,136.95,,
2025-03-01 07:28 (CDT),,,5,Cycling,,5 min Just Ride,,11,35,17%,91,9.96,0.83,60,115.13,,
2025-03-02 09:52 (-06),On Demand,Matt Wilpers,30,Cycling,Power Zone,30 min Power Zone Ride,2025-02-18 23:00 (-06),201,112,35%,94,16.63,8.32,411,127.66,,
2025-03-02 10:23 (-06),On Demand,,5,Cycling,Scenic Ride,5 min Prilep Ride,,13,45,25%,89,11.30,0.94,53,109.60,,
2025-03-05 06:32 (-06),On Demand,Tunde Oyeneyin,45,Cycling,Power Zone,45 min Power Zone Endurance Ride,2025-01-03 10:55 (-06),298,110,39%,86,16.78,12.58,619,127.89,,
2025-03-07 09:46 (-06),On Demand,,20,Cycling,Scenic Ride,20 min East Central Regional Trail Ride,,161,134,41%,85,17.53,5.84,275,132.15,,
2025-03-07 10:08 (-06),On Demand,,5,Cycling,Scenic Ride,5 min River Liffey Ride,,53,176,51%,79,20.00,1.66,82,147.53,,
2025-03-07 10:13 (-06),On Demand,,5,Cycling,Scenic Ride,5 min Loch Leven Ride,,16,54,26%,88,12.26,1.02,61,118.29,,
2025-03-09 13:23 (-05),On Demand,Hannah Frankson,45,Cycling,Power Zone,45 min Power Zone Endurance Hip Hop Ride,2025-03-05 00:00 (-05),292,108,37%,91,16.68,12.51,484,107.60,,
2025-03-10 10:50 (-05),On Demand,,10,Running,Scenic Ride,10 min Kumano Kodo Run,,87,,,,3.12,0.52,106,70.13,2.59,19:15
2025-03-10 11:01 (-05),On Demand,,10,Running,Scenic Ride,10 min Watamu Beach Run,,117,,,,4.67,0.78,150,137.05,0.36,12:52
2025-03-10 11:12 (-05),On Demand,,5,Running,Scenic Ride,5 min Malmok Beach Run,,36,,,,2.80,0.23,57,114.33,0.76,21:26
2025-03-11 06:38 (-05),On Demand,,30,Cycling,Scenic Ride,30 min Snow Canyon Ride,,205,114,37%,87,16.50,8.25,313,106.71,,
2025-03-17 10:58 (-05),On Demand,,60,Cycling,Scenic Ride,60 min Malindi Ride,,454,126,42%,83,17.58,17.58,788,123.63,,
2025-03-19 09:56 (-05),On Demand,,5,Running,Scenic Ride,5 min Scoglio della Salma Run,,45,,,,3.32,0.28,52,121.96,2.02,18:05
2025-03-19 10:01 (-05),On Demand,,5,Running,Scenic Ride,5 min Las Galeras Run,,53,,,,4.05,0.34,81,142.81,1.03,14:49
2025-04-05 07:36 (CDT),,,29,Cycling,,30 min Entertainment Ride,,188,105,37%,86,16.17,8.03,255,,,
2025-04-28 07:57 (-05),On Demand,,30,Cycling,Scenic Ride,30 min Vinci to Golubac Ride,,182,101,38%,80,15.81,7.90,317,106.14,,
2025-06-26 07:57 (-05),On Demand,,30,Cycling,Scenic Ride,30 min Bernina Pass Ride,,177,98,36%,83,15.48,7.74,310,101.51,,
2025-07-04 09:54 (-05),On Demand,,30,Cycling,Scenic Ride,30 min End of the World Ride,,44,122,42%,78,17.29,1.75,55,91.20,,
2025-10-24 10:48 (-05),On Demand,,15,Running,Scenic Ride,15 min Aletsch Glacier Run,,0,,,,0,0,0,,0,
2025-10-24 10:52 (-05),On Demand,,20,Running,Scenic Ride,20 min Ben Amera Run,,178,,,,3.29,1.10,201,,1.95,18:13
2025-10-27 13:25 (-05),On Demand,,30,Cycling,Scenic Ride,30 min Llandudno Conwy Ride,,163,91,35%,82,15.03,7.51,308,104.00,,
2025-10-29 16:47 (CDT),,,20,Running,,21 min Entertainment Run,,186,,,,3.14,1.10,209,,2.84,19:07
2025-11-09 05:23 (-06),On Demand,,20,Cycling,Scenic Ride,20 min Cozumel Old Highway Ride,,149,124,46%,71,17.33,5.78,278,129.00,,
2025-11-10 05:36 (-06),On Demand,,20,Cycling,Scenic Ride,20 min Zion National Park Ride,,152,127,44%,76,17.45,5.81,282,130.00,,
2025-11-11 05:39 (-06),On Demand,,15,Cycling,Scenic Ride,15 min Livigno Ride,,87,97,35%,86,15.66,3.91,161,108.00,,
2025-11-12 05:37 (-06),On Demand,,20,Cycling,Scenic Ride,20 min Avignon Ride,,126,105,38%,82,16.16,5.38,232,113.00,,
2025-11-14 05:41 (-06),On Demand,,30,Cycling,Scenic Ride,30 min Kaikoura Ride,,175,97,36%,85,15.82,7.90,392,124.00,,
2025-11-17 05:42 (-06),On Demand,Tunde Oyeneyin,20,Cycling,Intervals,20 min Tabata Ride,2025-11-10 10:56 (-06),176,147,45%,78,18.32,6.11,304,138.00,,
2025-11-18 05:44 (-06),On Demand,,10,Cycling,Scenic Ride,10 min Westlands Ride,,75,125,45%,73,17.30,2.88,113,116.00,,
2025-11-19 05:37 (-06),On Demand,,10,Cycling,Scenic Ride,10 min Kinross Ride,,71,119,43%,76,17.09,2.85,120,116.00,,
2025-11-20 05:44 (CDT),,,39,Cycling,,39 min Entertainment Ride,,159,63,27%,76,12.18,8.56,214,,,
2025-11-21 05:25 (CDT),,,21,Cycling,,21 min Entertainment Ride,,117,88,31%,86,14.48,5.30,157,,,
2025-11-22 07:09 (CDT),,,30,Cycling,,30 min Entertainment Ride,,164,90,32%,83,14.65,7.41,386,,,
2025-11-24 05:56 (CDT),,,29,Cycling,,30 min Entertainment Ride,,91,49,21%,48,8.84,4.53,123,,,
2025-11-25 05:18 (CDT),,,20,Cycling,,20 min Entertainment Ride,,100,82,33%,83,14.49,4.91,135,,,
2025-11-26 05:55 (CDT),,,23,Cycling,,23 min Entertainment Ride,,63,43,26%,42,7.59,3.05,84,,,
2025-12-01 05:41 (CDT),,,15,Cycling,,16 min Entertainment Ride,,82,85,34%,82,14.63,3.90,111,,,
2025-12-01 11:19 (CDT),,,21,Cycling,,21 min Entertainment Ride,,125,98,36%,82,15.55,5.47,268,,,
2025-12-03 05:42 (CDT),,,15,Cycling,,16 min Entertainment Ride,,88,92,35%,83,15.26,4.06,119,,,
2025-12-04 05:52 (CDT),,,16,Cycling,,16 min Entertainment Ride,,67,69,28%,83,12.83,3.47,206,,,
2025-12-05 06:43 (CDT),,,26,Cycling,,26 min Entertainment Ride,,114,73,30%,81,13.22,5.75,331,,,
2025-12-08 05:43 (CDT),,,17,Cycling,,17 min Entertainment Ride,,62,60,25%,80,12.16,3.48,218,,,
2025-12-10 05:56 (-06),On Demand,,30,Cycling,Scenic Ride,30 min Wrynose Pass Ride,,158,88,33%,86,14.68,7.34,346,115.14,,
2025-12-12 05:47 (-06),On Demand,,30,Cycling,Scenic Ride,30 min Valley of the Condors Ride,,184,102,37%,81,15.63,7.81,315,107.23,,
2025-12-15 05:32 (-06),On Demand,,20,Cycling,Scenic Ride,20 min Roselend Lake Ride,,107,89,34%,84,14.74,4.91,220,110.00,,
2025-12-17 07:19 (-06),On Demand,,20,Cycling,Scenic Ride,20 min Gottlieben Ride,,116,97,34%,79,14.93,4.97,217,113.06,,
2025-12-18 13:48 (CDT),,,11,Cycling,,11 min Entertainment Ride,,62,87,33%,73,13.89,2.76,84,,,
2025-12-21 07:07 (CDT),,,25,Cycling,,25 min Entertainment Ride,,164,104,35%,85,15.74,6.83,221,,,
2025-12-21 13:17 (-06),On Demand,Susie Chan,20,Walking,Scenic Ride,20 min Austria Hike,,56,,,,0.85,0.27,67,,,
2025-12-29 05:41 (CDT),,,15,Cycling,,15 min Entertainment Ride,,75,80,28%,92,13.50,3.47,154,91.09,,
2025-12-30 06:12 (-06),On Demand,,20,Cycling,Scenic Ride,20 min Roselend Lake Ride,,106,88,33%,86,14.75,4.91,205,106.56,,
2026-01-02 10:28 (-06),On Demand,,20,Cycling,Scenic Ride,20 min Goafoss Waterfall Ride,,103,86,31%,89,14.44,4.81,239,123.00,,
2026-01-03 05:51 (-06),On Demand,,15,Cycling,Scenic Ride,15 min Ninh Binh Ride,,76,85,31%,89,14.52,3.63,157,107.27,,
2026-01-13 10:51 (-06),On Demand,,20,Cycling,Scenic Ride,20 min London Victoria Park Ride,,116,97,36%,84,15.61,5.20,214,110.71,,
2026-02-10 10:43 (-06),On Demand,,20,Cycling,Scenic Ride,20 min Col de Puymorens Ride,,109,90,37%,79,15.31,5.10,204,108.00,,
2026-02-19 09:30 (-06),On Demand,,30,Cycling,Scenic Ride,30 min Going-to-the-Sun Road Ride,,157,87,36%,78,14.78,7.39,297,103.24,,
2026-02-20 10:26 (-06),On Demand,,30,Cycling,Scenic Ride,30 min Coll dOrdino Ride,,81,89,37%,77,14.71,3.73,133,100.00,,
2026-03-04 10:54 (-06),On Demand,,20,Cycling,Scenic Ride,20 min Lavaux Vineyards Ride,,59,94,37%,74,14.94,2.61,103,108.19,,
2026-03-09 13:37 (-05),On Demand,,20,Cycling,Scenic Ride,20 min Col de Puymorens Ride,,118,98,36%,81,15.43,5.14,209,107.14,,
2026-03-11 08:02 (-05),On Demand,,10,Cycling,Scenic Ride,10 min Seebrucken-Vorplatz Ride,,67,112,37%,79,16.19,2.70,102,112.53,,
2026-03-11 08:13 (-05),On Demand,,15,Cycling,Scenic Ride,15 min West Coast Trail Ride,,99,110,37%,84,16.38,4.09,191,123.54,,
2026-03-13 13:10 (-05),On Demand,,20,Cycling,Scenic Ride,20 min Troms og Finnmark Senja Ride,,155,129,41%,81,17.48,5.82,262,113.04,,
2026-03-19 10:54 (-05),On Demand,,15,Cycling,Scenic Ride,15 min 2025 F1 Las Vegas Grand Prix Ride,,104,115,39%,82,16.23,4.05,197,124.00,,
2026-03-24 08:01 (-05),On Demand,,30,Cycling,Scenic Ride,30 min Ao Nang Ride,,219,122,43%,75,17.10,8.54,413,127.55,,
2026-04-01 06:53 (-05),On Demand,,20,Cycling,Scenic Ride,20 min Monterey Bay Ride,,73,61,30%,82,13.00,4.33,145,79.78,,
2026-04-05 12:12 (-05),On Demand,,15,Cycling,Scenic Ride,15 min Cross Florida Greenway Ride,,33,36,23%,79,10.04,2.51,131,100.00,,
